camp,site,taxon,count
BA,BA1_SS1,Copris laeviceps,0
BA,BA1_SS1,Copris lugubris,0
BA,BA1_SS1,Copris nubilosus,0
BA,BA1_SS1,Copris sp.nov.,0
BA,BA1_SS1,Dichotomius annae,4
BA,BA1_SS1,Dichotomius satanas,6
BA,BA1_SS1,Eurysternus foedus,0
BA,BA1_SS1,Eurysternus magnus,0
BA,BA1_SS1,Eurysternus mexicanus,2
BA,BA1_SS1,Eurysternus obliteratus,0
BA,BA1_SS1,Onthophagus aff. anthracinus,0
BA,BA1_SS1,Onthophagus aff. belhorinus,1
BA,BA1_SS1,Onthophagus breviconus,0
BA,BA1_SS1,Onthophagus cyanellus,0
BA,BA1_SS1,Onthophagus longimanus,0
BA,BA1_SS1,Onthophagus petenensis,0
BA,BA1_SS1,Onthophagus rhinolophus,0
BA,BA1_SS1,Onthophagus sp.nov. aff. subcancer,0
BA,BA1_SS1,Phanaeus endymion,1
BA,BA1_SS2,Copris laeviceps,0
BA,BA1_SS2,Copris lugubris,0
BA,BA1_SS2,Copris nubilosus,0
BA,BA1_SS2,Copris sp.nov.,0
BA,BA1_SS2,Dichotomius annae,5
BA,BA1_SS2,Dichotomius satanas,14
BA,BA1_SS2,Eurysternus foedus,0
BA,BA1_SS2,Eurysternus magnus,1
BA,BA1_SS2,Eurysternus mexicanus,3
BA,BA1_SS2,Eurysternus obliteratus,0
BA,BA1_SS2,Onthophagus aff. anthracinus,0
BA,BA1_SS2,Onthophagus aff. belhorinus,2
BA,BA1_SS2,Onthophagus breviconus,0
BA,BA1_SS2,Onthophagus cyanellus,0
BA,BA1_SS2,Onthophagus longimanus,0
BA,BA1_SS2,Onthophagus petenensis,0
BA,BA1_SS2,Onthophagus rhinolophus,2
BA,BA1_SS2,Onthophagus sp.nov. aff. subcancer,0
BA,BA1_SS2,Phanaeus endymion,0
BA,BA1_SS3,Copris laeviceps,0
BA,BA1_SS3,Copris lugubris,0
BA,BA1_SS3,Copris nubilosus,0
BA,BA1_SS3,Copris sp.nov.,0
BA,BA1_SS3,Dichotomius annae,19
BA,BA1_SS3,Dichotomius satanas,20
BA,BA1_SS3,Eurysternus foedus,0
BA,BA1_SS3,Eurysternus magnus,2
BA,BA1_SS3,Eurysternus mexicanus,2
BA,BA1_SS3,Eurysternus obliteratus,0
BA,BA1_SS3,Onthophagus aff. anthracinus,1
BA,BA1_SS3,Onthophagus aff. belhorinus,1
BA,BA1_SS3,Onthophagus breviconus,0
BA,BA1_SS3,Onthophagus cyanellus,0
BA,BA1_SS3,Onthophagus longimanus,1
BA,BA1_SS3,Onthophagus petenensis,0
BA,BA1_SS3,Onthophagus rhinolophus,0
BA,BA1_SS3,Onthophagus sp.nov. aff. subcancer,0
BA,BA1_SS3,Phanaeus endymion,0
BA,BA1_SS4,Copris laeviceps,0
BA,BA1_SS4,Copris lugubris,0
BA,BA1_SS4,Copris nubilosus,0
BA,BA1_SS4,Copris sp.nov.,0
BA,BA1_SS4,Dichotomius annae,4
BA,BA1_SS4,Dichotomius satanas,5
BA,BA1_SS4,Eurysternus foedus,0
BA,BA1_SS4,Eurysternus magnus,25
BA,BA1_SS4,Eurysternus mexicanus,1
BA,BA1_SS4,Eurysternus obliteratus,0
BA,BA1_SS4,Onthophagus aff. anthracinus,3
BA,BA1_SS4,Onthophagus aff. belhorinus,0
BA,BA1_SS4,Onthophagus breviconus,0
BA,BA1_SS4,Onthophagus cyanellus,1
BA,BA1_SS4,Onthophagus longimanus,1
BA,BA1_SS4,Onthophagus petenensis,0
BA,BA1_SS4,Onthophagus rhinolophus,0
BA,BA1_SS4,Onthophagus sp.nov. aff. subcancer,0
BA,BA1_SS4,Phanaeus endymion,3
BA,BA1_SS5,Copris laeviceps,0
BA,BA1_SS5,Copris lugubris,0
BA,BA1_SS5,Copris nubilosus,0
BA,BA1_SS5,Copris sp.nov.,0
BA,BA1_SS5,Dichotomius annae,7
BA,BA1_SS5,Dichotomius satanas,11
BA,BA1_SS5,Eurysternus foedus,0
BA,BA1_SS5,Eurysternus magnus,15
BA,BA1_SS5,Eurysternus mexicanus,0
BA,BA1_SS5,Eurysternus obliteratus,0
BA,BA1_SS5,Onthophagus aff. anthracinus,3
BA,BA1_SS5,Onthophagus aff. belhorinus,0
BA,BA1_SS5,Onthophagus breviconus,0
BA,BA1_SS5,Onthophagus cyanellus,0
BA,BA1_SS5,Onthophagus longimanus,0
BA,BA1_SS5,Onthophagus petenensis,0
BA,BA1_SS5,Onthophagus rhinolophus,0
BA,BA1_SS5,Onthophagus sp.nov. aff. subcancer,0
BA,BA1_SS5,Phanaeus endymion,13
BA,BA2_SS1,Copris laeviceps,1
BA,BA2_SS1,Copris lugubris,0
BA,BA2_SS1,Copris nubilosus,0
BA,BA2_SS1,Copris sp.nov.,0
BA,BA2_SS1,Dichotomius annae,4
BA,BA2_SS1,Dichotomius satanas,28
BA,BA2_SS1,Eurysternus foedus,0
BA,BA2_SS1,Eurysternus magnus,8
BA,BA2_SS1,Eurysternus mexicanus,0
BA,BA2_SS1,Eurysternus obliteratus,0
BA,BA2_SS1,Onthophagus aff. anthracinus,1
BA,BA2_SS1,Onthophagus aff. belhorinus,0
BA,BA2_SS1,Onthophagus breviconus,0
BA,BA2_SS1,Onthophagus cyanellus,1
BA,BA2_SS1,Onthophagus longimanus,0
BA,BA2_SS1,Onthophagus petenensis,0
BA,BA2_SS1,Onthophagus rhinolophus,0
BA,BA2_SS1,Onthophagus sp.nov. aff. subcancer,0
BA,BA2_SS1,Phanaeus endymion,0
BA,BA2_SS2,Copris laeviceps,1
BA,BA2_SS2,Copris lugubris,0
BA,BA2_SS2,Copris nubilosus,0
BA,BA2_SS2,Copris sp.nov.,0
BA,BA2_SS2,Dichotomius annae,1
BA,BA2_SS2,Dichotomius satanas,11
BA,BA2_SS2,Eurysternus foedus,0
BA,BA2_SS2,Eurysternus magnus,22
BA,BA2_SS2,Eurysternus mexicanus,0
BA,BA2_SS2,Eurysternus obliteratus,0
BA,BA2_SS2,Onthophagus aff. anthracinus,0
BA,BA2_SS2,Onthophagus aff. belhorinus,0
BA,BA2_SS2,Onthophagus breviconus,0
BA,BA2_SS2,Onthophagus cyanellus,0
BA,BA2_SS2,Onthophagus longimanus,0
BA,BA2_SS2,Onthophagus petenensis,0
BA,BA2_SS2,Onthophagus rhinolophus,0
BA,BA2_SS2,Onthophagus sp.nov. aff. subcancer,0
BA,BA2_SS2,Phanaeus endymion,0
BA,BA2_SS3,Copris laeviceps,1
BA,BA2_SS3,Copris lugubris,0
BA,BA2_SS3,Copris nubilosus,0
BA,BA2_SS3,Copris sp.nov.,0
BA,BA2_SS3,Dichotomius annae,2
BA,BA2_SS3,Dichotomius satanas,12
BA,BA2_SS3,Eurysternus foedus,0
BA,BA2_SS3,Eurysternus magnus,25
BA,BA2_SS3,Eurysternus mexicanus,0
BA,BA2_SS3,Eurysternus obliteratus,0
BA,BA2_SS3,Onthophagus aff. anthracinus,1
BA,BA2_SS3,Onthophagus aff. belhorinus,0
BA,BA2_SS3,Onthophagus breviconus,0
BA,BA2_SS3,Onthophagus cyanellus,0
BA,BA2_SS3,Onthophagus longimanus,0
BA,BA2_SS3,Onthophagus petenensis,0
BA,BA2_SS3,Onthophagus rhinolophus,0
BA,BA2_SS3,Onthophagus sp.nov. aff. subcancer,0
BA,BA2_SS3,Phanaeus endymion,1
BA,BA2_SS5,Copris laeviceps,1
BA,BA2_SS5,Copris lugubris,0
BA,BA2_SS5,Copris nubilosus,1
BA,BA2_SS5,Copris sp.nov.,0
BA,BA2_SS5,Dichotomius annae,0
BA,BA2_SS5,Dichotomius satanas,36
BA,BA2_SS5,Eurysternus foedus,0
BA,BA2_SS5,Eurysternus magnus,20
BA,BA2_SS5,Eurysternus mexicanus,1
BA,BA2_SS5,Eurysternus obliteratus,0
BA,BA2_SS5,Onthophagus aff. anthracinus,0
BA,BA2_SS5,Onthophagus aff. belhorinus,0
BA,BA2_SS5,Onthophagus breviconus,0
BA,BA2_SS5,Onthophagus cyanellus,1
BA,BA2_SS5,Onthophagus longimanus,0
BA,BA2_SS5,Onthophagus petenensis,0
BA,BA2_SS5,Onthophagus rhinolophus,0
BA,BA2_SS5,Onthophagus sp.nov. aff. subcancer,0
BA,BA2_SS5,Phanaeus endymion,1
BA,BA2_SS6,Copris laeviceps,5
BA,BA2_SS6,Copris lugubris,0
BA,BA2_SS6,Copris nubilosus,0
BA,BA2_SS6,Copris sp.nov.,0
BA,BA2_SS6,Dichotomius annae,0
BA,BA2_SS6,Dichotomius satanas,20
BA,BA2_SS6,Eurysternus foedus,0
BA,BA2_SS6,Eurysternus magnus,17
BA,BA2_SS6,Eurysternus mexicanus,0
BA,BA2_SS6,Eurysternus obliteratus,0
BA,BA2_SS6,Onthophagus aff. anthracinus,1
BA,BA2_SS6,Onthophagus aff. belhorinus,0
BA,BA2_SS6,Onthophagus breviconus,0
BA,BA2_SS6,Onthophagus cyanellus,0
BA,BA2_SS6,Onthophagus longimanus,0
BA,BA2_SS6,Onthophagus petenensis,0
BA,BA2_SS6,Onthophagus rhinolophus,0
BA,BA2_SS6,Onthophagus sp.nov. aff. subcancer,0
BA,BA2_SS6,Phanaeus endymion,1
BA,BA3_SS1,Copris laeviceps,0
BA,BA3_SS1,Copris lugubris,0
BA,BA3_SS1,Copris nubilosus,0
BA,BA3_SS1,Copris sp.nov.,0
BA,BA3_SS1,Dichotomius annae,0
BA,BA3_SS1,Dichotomius satanas,14
BA,BA3_SS1,Eurysternus foedus,0
BA,BA3_SS1,Eurysternus magnus,13
BA,BA3_SS1,Eurysternus mexicanus,0
BA,BA3_SS1,Eurysternus obliteratus,0
BA,BA3_SS1,Onthophagus aff. anthracinus,1
BA,BA3_SS1,Onthophagus aff. belhorinus,0
BA,BA3_SS1,Onthophagus breviconus,0
BA,BA3_SS1,Onthophagus cyanellus,2
BA,BA3_SS1,Onthophagus longimanus,1
BA,BA3_SS1,Onthophagus petenensis,0
BA,BA3_SS1,Onthophagus rhinolophus,0
BA,BA3_SS1,Onthophagus sp.nov. aff. subcancer,0
BA,BA3_SS1,Phanaeus endymion,0
BA,BA3_SS2,Copris laeviceps,0
BA,BA3_SS2,Copris lugubris,0
BA,BA3_SS2,Copris nubilosus,1
BA,BA3_SS2,Copris sp.nov.,0
BA,BA3_SS2,Dichotomius annae,2
BA,BA3_SS2,Dichotomius satanas,8
BA,BA3_SS2,Eurysternus foedus,0
BA,BA3_SS2,Eurysternus magnus,20
BA,BA3_SS2,Eurysternus mexicanus,0
BA,BA3_SS2,Eurysternus obliteratus,0
BA,BA3_SS2,Onthophagus aff. anthracinus,0
BA,BA3_SS2,Onthophagus aff. belhorinus,0
BA,BA3_SS2,Onthophagus breviconus,0
BA,BA3_SS2,Onthophagus cyanellus,0
BA,BA3_SS2,Onthophagus longimanus,0
BA,BA3_SS2,Onthophagus petenensis,0
BA,BA3_SS2,Onthophagus rhinolophus,0
BA,BA3_SS2,Onthophagus sp.nov. aff. subcancer,0
BA,BA3_SS2,Phanaeus endymion,2
BA,BA4_SS1,Copris laeviceps,0
BA,BA4_SS1,Copris lugubris,0
BA,BA4_SS1,Copris nubilosus,0
BA,BA4_SS1,Copris sp.nov.,0
BA,BA4_SS1,Dichotomius annae,0
BA,BA4_SS1,Dichotomius satanas,3
BA,BA4_SS1,Eurysternus foedus,0
BA,BA4_SS1,Eurysternus magnus,9
BA,BA4_SS1,Eurysternus mexicanus,0
BA,BA4_SS1,Eurysternus obliteratus,0
BA,BA4_SS1,Onthophagus aff. anthracinus,1
BA,BA4_SS1,Onthophagus aff. belhorinus,0
BA,BA4_SS1,Onthophagus breviconus,0
BA,BA4_SS1,Onthophagus cyanellus,2
BA,BA4_SS1,Onthophagus longimanus,0
BA,BA4_SS1,Onthophagus petenensis,0
BA,BA4_SS1,Onthophagus rhinolophus,0
BA,BA4_SS1,Onthophagus sp.nov. aff. subcancer,0
BA,BA4_SS1,Phanaeus endymion,0
BA,BA4_SS2,Copris laeviceps,0
BA,BA4_SS2,Copris lugubris,0
BA,BA4_SS2,Copris nubilosus,7
BA,BA4_SS2,Copris sp.nov.,0
BA,BA4_SS2,Dichotomius annae,0
BA,BA4_SS2,Dichotomius satanas,18
BA,BA4_SS2,Eurysternus foedus,0
BA,BA4_SS2,Eurysternus magnus,2
BA,BA4_SS2,Eurysternus mexicanus,0
BA,BA4_SS2,Eurysternus obliteratus,0
BA,BA4_SS2,Onthophagus aff. anthracinus,0
BA,BA4_SS2,Onthophagus aff. belhorinus,0
BA,BA4_SS2,Onthophagus breviconus,0
BA,BA4_SS2,Onthophagus cyanellus,1
BA,BA4_SS2,Onthophagus longimanus,0
BA,BA4_SS2,Onthophagus petenensis,0
BA,BA4_SS2,Onthophagus rhinolophus,0
BA,BA4_SS2,Onthophagus sp.nov. aff. subcancer,0
BA,BA4_SS2,Phanaeus endymion,0
BA,BA4_SS3,Copris laeviceps,0
BA,BA4_SS3,Copris lugubris,0
BA,BA4_SS3,Copris nubilosus,7
BA,BA4_SS3,Copris sp.nov.,0
BA,BA4_SS3,Dichotomius annae,0
BA,BA4_SS3,Dichotomius satanas,13
BA,BA4_SS3,Eurysternus foedus,0
BA,BA4_SS3,Eurysternus magnus,3
BA,BA4_SS3,Eurysternus mexicanus,0
BA,BA4_SS3,Eurysternus obliteratus,0
BA,BA4_SS3,Onthophagus aff. anthracinus,0
BA,BA4_SS3,Onthophagus aff. belhorinus,0
BA,BA4_SS3,Onthophagus breviconus,0
BA,BA4_SS3,Onthophagus cyanellus,2
BA,BA4_SS3,Onthophagus longimanus,0
BA,BA4_SS3,Onthophagus petenensis,0
BA,BA4_SS3,Onthophagus rhinolophus,0
BA,BA4_SS3,Onthophagus sp.nov. aff. subcancer,0
BA,BA4_SS3,Phanaeus endymion,0
BA,BA4_SS4,Copris laeviceps,0
BA,BA4_SS4,Copris lugubris,0
BA,BA4_SS4,Copris nubilosus,11
BA,BA4_SS4,Copris sp.nov.,0
BA,BA4_SS4,Dichotomius annae,0
BA,BA4_SS4,Dichotomius satanas,19
BA,BA4_SS4,Eurysternus foedus,0
BA,BA4_SS4,Eurysternus magnus,2
BA,BA4_SS4,Eurysternus mexicanus,0
BA,BA4_SS4,Eurysternus obliteratus,0
BA,BA4_SS4,Onthophagus aff. anthracinus,0
BA,BA4_SS4,Onthophagus aff. belhorinus,0
BA,BA4_SS4,Onthophagus breviconus,0
BA,BA4_SS4,Onthophagus cyanellus,1
BA,BA4_SS4,Onthophagus longimanus,0
BA,BA4_SS4,Onthophagus petenensis,0
BA,BA4_SS4,Onthophagus rhinolophus,0
BA,BA4_SS4,Onthophagus sp.nov. aff. subcancer,0
BA,BA4_SS4,Phanaeus endymion,0
BA,BA4_SS5,Copris laeviceps,0
BA,BA4_SS5,Copris lugubris,0
BA,BA4_SS5,Copris nubilosus,7
BA,BA4_SS5,Copris sp.nov.,0
BA,BA4_SS5,Dichotomius annae,0
BA,BA4_SS5,Dichotomius satanas,14
BA,BA4_SS5,Eurysternus foedus,0
BA,BA4_SS5,Eurysternus magnus,4
BA,BA4_SS5,Eurysternus mexicanus,0
BA,BA4_SS5,Eurysternus obliteratus,0
BA,BA4_SS5,Onthophagus aff. anthracinus,0
BA,BA4_SS5,Onthophagus aff. belhorinus,0
BA,BA4_SS5,Onthophagus breviconus,0
BA,BA4_SS5,Onthophagus cyanellus,4
BA,BA4_SS5,Onthophagus longimanus,0
BA,BA4_SS5,Onthophagus petenensis,0
BA,BA4_SS5,Onthophagus rhinolophus,0
BA,BA4_SS5,Onthophagus sp.nov. aff. subcancer,0
BA,BA4_SS5,Phanaeus endymion,0
BC,BC1_SS1,Copris laeviceps,0
BC,BC1_SS1,Copris lugubris,0
BC,BC1_SS1,Copris nubilosus,2
BC,BC1_SS1,Copris sp.nov.,0
BC,BC1_SS1,Dichotomius annae,0
BC,BC1_SS1,Dichotomius satanas,1
BC,BC1_SS1,Eurysternus foedus,0
BC,BC1_SS1,Eurysternus magnus,0
BC,BC1_SS1,Eurysternus mexicanus,0
BC,BC1_SS1,Eurysternus obliteratus,0
BC,BC1_SS1,Onthophagus aff. anthracinus,0
BC,BC1_SS1,Onthophagus aff. belhorinus,0
BC,BC1_SS1,Onthophagus breviconus,0
BC,BC1_SS1,Onthophagus cyanellus,1
BC,BC1_SS1,Onthophagus longimanus,0
BC,BC1_SS1,Onthophagus petenensis,0
BC,BC1_SS1,Onthophagus rhinolophus,0
BC,BC1_SS1,Onthophagus sp.nov. aff. subcancer,0
BC,BC1_SS1,Phanaeus endymion,0
BC,BC1_SS2,Copris laeviceps,0
BC,BC1_SS2,Copris lugubris,0
BC,BC1_SS2,Copris nubilosus,38
BC,BC1_SS2,Copris sp.nov.,0
BC,BC1_SS2,Dichotomius annae,0
BC,BC1_SS2,Dichotomius satanas,0
BC,BC1_SS2,Eurysternus foedus,0
BC,BC1_SS2,Eurysternus magnus,0
BC,BC1_SS2,Eurysternus mexicanus,0
BC,BC1_SS2,Eurysternus obliteratus,0
BC,BC1_SS2,Onthophagus aff. anthracinus,0
BC,BC1_SS2,Onthophagus aff. belhorinus,0
BC,BC1_SS2,Onthophagus breviconus,0
BC,BC1_SS2,Onthophagus cyanellus,2
BC,BC1_SS2,Onthophagus longimanus,0
BC,BC1_SS2,Onthophagus petenensis,0
BC,BC1_SS2,Onthophagus rhinolophus,0
BC,BC1_SS2,Onthophagus sp.nov. aff. subcancer,0
BC,BC1_SS2,Phanaeus endymion,0
BC,BC1_SS3,Copris laeviceps,0
BC,BC1_SS3,Copris lugubris,0
BC,BC1_SS3,Copris nubilosus,67
BC,BC1_SS3,Copris sp.nov.,0
BC,BC1_SS3,Dichotomius annae,0
BC,BC1_SS3,Dichotomius satanas,1
BC,BC1_SS3,Eurysternus foedus,0
BC,BC1_SS3,Eurysternus magnus,0
BC,BC1_SS3,Eurysternus mexicanus,0
BC,BC1_SS3,Eurysternus obliteratus,0
BC,BC1_SS3,Onthophagus aff. anthracinus,0
BC,BC1_SS3,Onthophagus aff. belhorinus,0
BC,BC1_SS3,Onthophagus breviconus,0
BC,BC1_SS3,Onthophagus cyanellus,1
BC,BC1_SS3,Onthophagus longimanus,0
BC,BC1_SS3,Onthophagus petenensis,0
BC,BC1_SS3,Onthophagus rhinolophus,0
BC,BC1_SS3,Onthophagus sp.nov. aff. subcancer,0
BC,BC1_SS3,Phanaeus endymion,0
BC,BC1_SS5,Copris laeviceps,0
BC,BC1_SS5,Copris lugubris,0
BC,BC1_SS5,Copris nubilosus,15
BC,BC1_SS5,Copris sp.nov.,0
BC,BC1_SS5,Dichotomius annae,0
BC,BC1_SS5,Dichotomius satanas,0
BC,BC1_SS5,Eurysternus foedus,0
BC,BC1_SS5,Eurysternus magnus,0
BC,BC1_SS5,Eurysternus mexicanus,0
BC,BC1_SS5,Eurysternus obliteratus,0
BC,BC1_SS5,Onthophagus aff. anthracinus,0
BC,BC1_SS5,Onthophagus aff. belhorinus,0
BC,BC1_SS5,Onthophagus breviconus,0
BC,BC1_SS5,Onthophagus cyanellus,0
BC,BC1_SS5,Onthophagus longimanus,0
BC,BC1_SS5,Onthophagus petenensis,0
BC,BC1_SS5,Onthophagus rhinolophus,0
BC,BC1_SS5,Onthophagus sp.nov. aff. subcancer,0
BC,BC1_SS5,Phanaeus endymion,0
BC,BC1_SS6,Copris laeviceps,0
BC,BC1_SS6,Copris lugubris,0
BC,BC1_SS6,Copris nubilosus,28
BC,BC1_SS6,Copris sp.nov.,0
BC,BC1_SS6,Dichotomius annae,0
BC,BC1_SS6,Dichotomius satanas,1
BC,BC1_SS6,Eurysternus foedus,0
BC,BC1_SS6,Eurysternus magnus,1
BC,BC1_SS6,Eurysternus mexicanus,0
BC,BC1_SS6,Eurysternus obliteratus,0
BC,BC1_SS6,Onthophagus aff. anthracinus,0
BC,BC1_SS6,Onthophagus aff. belhorinus,0
BC,BC1_SS6,Onthophagus breviconus,1
BC,BC1_SS6,Onthophagus cyanellus,2
BC,BC1_SS6,Onthophagus longimanus,0
BC,BC1_SS6,Onthophagus petenensis,0
BC,BC1_SS6,Onthophagus rhinolophus,0
BC,BC1_SS6,Onthophagus sp.nov. aff. subcancer,0
BC,BC1_SS6,Phanaeus endymion,0
BC,BC1_SS7,Copris laeviceps,0
BC,BC1_SS7,Copris lugubris,0
BC,BC1_SS7,Copris nubilosus,56
BC,BC1_SS7,Copris sp.nov.,0
BC,BC1_SS7,Dichotomius annae,0
BC,BC1_SS7,Dichotomius satanas,0
BC,BC1_SS7,Eurysternus foedus,0
BC,BC1_SS7,Eurysternus magnus,0
BC,BC1_SS7,Eurysternus mexicanus,0
BC,BC1_SS7,Eurysternus obliteratus,0
BC,BC1_SS7,Onthophagus aff. anthracinus,0
BC,BC1_SS7,Onthophagus aff. belhorinus,0
BC,BC1_SS7,Onthophagus breviconus,0
BC,BC1_SS7,Onthophagus cyanellus,1
BC,BC1_SS7,Onthophagus longimanus,0
BC,BC1_SS7,Onthophagus petenensis,0
BC,BC1_SS7,Onthophagus rhinolophus,0
BC,BC1_SS7,Onthophagus sp.nov. aff. subcancer,0
BC,BC1_SS7,Phanaeus endymion,0
BC,BC2_SS1,Copris laeviceps,0
BC,BC2_SS1,Copris lugubris,0
BC,BC2_SS1,Copris nubilosus,9
BC,BC2_SS1,Copris sp.nov.,0
BC,BC2_SS1,Dichotomius annae,0
BC,BC2_SS1,Dichotomius satanas,7
BC,BC2_SS1,Eurysternus foedus,0
BC,BC2_SS1,Eurysternus magnus,1
BC,BC2_SS1,Eurysternus mexicanus,0
BC,BC2_SS1,Eurysternus obliteratus,0
BC,BC2_SS1,Onthophagus aff. anthracinus,0
BC,BC2_SS1,Onthophagus aff. belhorinus,0
BC,BC2_SS1,Onthophagus breviconus,0
BC,BC2_SS1,Onthophagus cyanellus,0
BC,BC2_SS1,Onthophagus longimanus,0
BC,BC2_SS1,Onthophagus petenensis,0
BC,BC2_SS1,Onthophagus rhinolophus,0
BC,BC2_SS1,Onthophagus sp.nov. aff. subcancer,0
BC,BC2_SS1,Phanaeus endymion,0
BC,BC2_SS2,Copris laeviceps,0
BC,BC2_SS2,Copris lugubris,0
BC,BC2_SS2,Copris nubilosus,3
BC,BC2_SS2,Copris sp.nov.,0
BC,BC2_SS2,Dichotomius annae,0
BC,BC2_SS2,Dichotomius satanas,3
BC,BC2_SS2,Eurysternus foedus,0
BC,BC2_SS2,Eurysternus magnus,0
BC,BC2_SS2,Eurysternus mexicanus,0
BC,BC2_SS2,Eurysternus obliteratus,0
BC,BC2_SS2,Onthophagus aff. anthracinus,0
BC,BC2_SS2,Onthophagus aff. belhorinus,0
BC,BC2_SS2,Onthophagus breviconus,0
BC,BC2_SS2,Onthophagus cyanellus,0
BC,BC2_SS2,Onthophagus longimanus,0
BC,BC2_SS2,Onthophagus petenensis,0
BC,BC2_SS2,Onthophagus rhinolophus,0
BC,BC2_SS2,Onthophagus sp.nov. aff. subcancer,0
BC,BC2_SS2,Phanaeus endymion,0
BC,BC2_SS3,Copris laeviceps,0
BC,BC2_SS3,Copris lugubris,0
BC,BC2_SS3,Copris nubilosus,8
BC,BC2_SS3,Copris sp.nov.,0
BC,BC2_SS3,Dichotomius annae,0
BC,BC2_SS3,Dichotomius satanas,7
BC,BC2_SS3,Eurysternus foedus,0
BC,BC2_SS3,Eurysternus magnus,0
BC,BC2_SS3,Eurysternus mexicanus,0
BC,BC2_SS3,Eurysternus obliteratus,0
BC,BC2_SS3,Onthophagus aff. anthracinus,0
BC,BC2_SS3,Onthophagus aff. belhorinus,0
BC,BC2_SS3,Onthophagus breviconus,0
BC,BC2_SS3,Onthophagus cyanellus,0
BC,BC2_SS3,Onthophagus longimanus,0
BC,BC2_SS3,Onthophagus petenensis,0
BC,BC2_SS3,Onthophagus rhinolophus,0
BC,BC2_SS3,Onthophagus sp.nov. aff. subcancer,0
BC,BC2_SS3,Phanaeus endymion,0
BC,BC2_SS4,Copris laeviceps,0
BC,BC2_SS4,Copris lugubris,0
BC,BC2_SS4,Copris nubilosus,6
BC,BC2_SS4,Copris sp.nov.,0
BC,BC2_SS4,Dichotomius annae,1
BC,BC2_SS4,Dichotomius satanas,11
BC,BC2_SS4,Eurysternus foedus,0
BC,BC2_SS4,Eurysternus magnus,1
BC,BC2_SS4,Eurysternus mexicanus,0
BC,BC2_SS4,Eurysternus obliteratus,0
BC,BC2_SS4,Onthophagus aff. anthracinus,0
BC,BC2_SS4,Onthophagus aff. belhorinus,0
BC,BC2_SS4,Onthophagus breviconus,0
BC,BC2_SS4,Onthophagus cyanellus,0
BC,BC2_SS4,Onthophagus longimanus,0
BC,BC2_SS4,Onthophagus petenensis,0
BC,BC2_SS4,Onthophagus rhinolophus,0
BC,BC2_SS4,Onthophagus sp.nov. aff. subcancer,0
BC,BC2_SS4,Phanaeus endymion,0
BC,BC3_SS1,Copris laeviceps,0
BC,BC3_SS1,Copris lugubris,0
BC,BC3_SS1,Copris nubilosus,30
BC,BC3_SS1,Copris sp.nov.,0
BC,BC3_SS1,Dichotomius annae,0
BC,BC3_SS1,Dichotomius satanas,2
BC,BC3_SS1,Eurysternus foedus,0
BC,BC3_SS1,Eurysternus magnus,2
BC,BC3_SS1,Eurysternus mexicanus,0
BC,BC3_SS1,Eurysternus obliteratus,0
BC,BC3_SS1,Onthophagus aff. anthracinus,0
BC,BC3_SS1,Onthophagus aff. belhorinus,0
BC,BC3_SS1,Onthophagus breviconus,0
BC,BC3_SS1,Onthophagus cyanellus,6
BC,BC3_SS1,Onthophagus longimanus,0
BC,BC3_SS1,Onthophagus petenensis,0
BC,BC3_SS1,Onthophagus rhinolophus,0
BC,BC3_SS1,Onthophagus sp.nov. aff. subcancer,0
BC,BC3_SS1,Phanaeus endymion,0
BC,BC3_SS2,Copris laeviceps,0
BC,BC3_SS2,Copris lugubris,0
BC,BC3_SS2,Copris nubilosus,8
BC,BC3_SS2,Copris sp.nov.,0
BC,BC3_SS2,Dichotomius annae,0
BC,BC3_SS2,Dichotomius satanas,0
BC,BC3_SS2,Eurysternus foedus,0
BC,BC3_SS2,Eurysternus magnus,1
BC,BC3_SS2,Eurysternus mexicanus,0
BC,BC3_SS2,Eurysternus obliteratus,0
BC,BC3_SS2,Onthophagus aff. anthracinus,0
BC,BC3_SS2,Onthophagus aff. belhorinus,0
BC,BC3_SS2,Onthophagus breviconus,0
BC,BC3_SS2,Onthophagus cyanellus,30
BC,BC3_SS2,Onthophagus longimanus,0
BC,BC3_SS2,Onthophagus petenensis,0
BC,BC3_SS2,Onthophagus rhinolophus,0
BC,BC3_SS2,Onthophagus sp.nov. aff. subcancer,0
BC,BC3_SS2,Phanaeus endymion,0
BC,BC3_SS3,Copris laeviceps,0
BC,BC3_SS3,Copris lugubris,0
BC,BC3_SS3,Copris nubilosus,2
BC,BC3_SS3,Copris sp.nov.,0
BC,BC3_SS3,Dichotomius annae,0
BC,BC3_SS3,Dichotomius satanas,1
BC,BC3_SS3,Eurysternus foedus,0
BC,BC3_SS3,Eurysternus magnus,8
BC,BC3_SS3,Eurysternus mexicanus,0
BC,BC3_SS3,Eurysternus obliteratus,0
BC,BC3_SS3,Onthophagus aff. anthracinus,1
BC,BC3_SS3,Onthophagus aff. belhorinus,0
BC,BC3_SS3,Onthophagus breviconus,0
BC,BC3_SS3,Onthophagus cyanellus,60
BC,BC3_SS3,Onthophagus longimanus,0
BC,BC3_SS3,Onthophagus petenensis,0
BC,BC3_SS3,Onthophagus rhinolophus,0
BC,BC3_SS3,Onthophagus sp.nov. aff. subcancer,0
BC,BC3_SS3,Phanaeus endymion,0
BC,BC3_SS4,Copris laeviceps,0
BC,BC3_SS4,Copris lugubris,0
BC,BC3_SS4,Copris nubilosus,32
BC,BC3_SS4,Copris sp.nov.,0
BC,BC3_SS4,Dichotomius annae,0
BC,BC3_SS4,Dichotomius satanas,11
BC,BC3_SS4,Eurysternus foedus,0
BC,BC3_SS4,Eurysternus magnus,0
BC,BC3_SS4,Eurysternus mexicanus,0
BC,BC3_SS4,Eurysternus obliteratus,0
BC,BC3_SS4,Onthophagus aff. anthracinus,0
BC,BC3_SS4,Onthophagus aff. belhorinus,0
BC,BC3_SS4,Onthophagus breviconus,0
BC,BC3_SS4,Onthophagus cyanellus,11
BC,BC3_SS4,Onthophagus longimanus,0
BC,BC3_SS4,Onthophagus petenensis,0
BC,BC3_SS4,Onthophagus rhinolophus,0
BC,BC3_SS4,Onthophagus sp.nov. aff. subcancer,0
BC,BC3_SS4,Phanaeus endymion,0
BC,BC3_SS5,Copris laeviceps,0
BC,BC3_SS5,Copris lugubris,0
BC,BC3_SS5,Copris nubilosus,21
BC,BC3_SS5,Copris sp.nov.,0
BC,BC3_SS5,Dichotomius annae,0
BC,BC3_SS5,Dichotomius satanas,20
BC,BC3_SS5,Eurysternus foedus,0
BC,BC3_SS5,Eurysternus magnus,2
BC,BC3_SS5,Eurysternus mexicanus,0
BC,BC3_SS5,Eurysternus obliteratus,0
BC,BC3_SS5,Onthophagus aff. anthracinus,0
BC,BC3_SS5,Onthophagus aff. belhorinus,0
BC,BC3_SS5,Onthophagus breviconus,0
BC,BC3_SS5,Onthophagus cyanellus,5
BC,BC3_SS5,Onthophagus longimanus,0
BC,BC3_SS5,Onthophagus petenensis,0
BC,BC3_SS5,Onthophagus rhinolophus,0
BC,BC3_SS5,Onthophagus sp.nov. aff. subcancer,0
BC,BC3_SS5,Phanaeus endymion,0
BC,BC3_SS6,Copris laeviceps,0
BC,BC3_SS6,Copris lugubris,0
BC,BC3_SS6,Copris nubilosus,10
BC,BC3_SS6,Copris sp.nov.,0
BC,BC3_SS6,Dichotomius annae,0
BC,BC3_SS6,Dichotomius satanas,17
BC,BC3_SS6,Eurysternus foedus,0
BC,BC3_SS6,Eurysternus magnus,7
BC,BC3_SS6,Eurysternus mexicanus,0
BC,BC3_SS6,Eurysternus obliteratus,0
BC,BC3_SS6,Onthophagus aff. anthracinus,0
BC,BC3_SS6,Onthophagus aff. belhorinus,0
BC,BC3_SS6,Onthophagus breviconus,0
BC,BC3_SS6,Onthophagus cyanellus,1
BC,BC3_SS6,Onthophagus longimanus,0
BC,BC3_SS6,Onthophagus petenensis,0
BC,BC3_SS6,Onthophagus rhinolophus,0
BC,BC3_SS6,Onthophagus sp.nov. aff. subcancer,0
BC,BC3_SS6,Phanaeus endymion,0
BC,BC3_SS7,Copris laeviceps,0
BC,BC3_SS7,Copris lugubris,0
BC,BC3_SS7,Copris nubilosus,7
BC,BC3_SS7,Copris sp.nov.,0
BC,BC3_SS7,Dichotomius annae,1
BC,BC3_SS7,Dichotomius satanas,37
BC,BC3_SS7,Eurysternus foedus,0
BC,BC3_SS7,Eurysternus magnus,10
BC,BC3_SS7,Eurysternus mexicanus,0
BC,BC3_SS7,Eurysternus obliteratus,0
BC,BC3_SS7,Onthophagus aff. anthracinus,0
BC,BC3_SS7,Onthophagus aff. belhorinus,0
BC,BC3_SS7,Onthophagus breviconus,1
BC,BC3_SS7,Onthophagus cyanellus,2
BC,BC3_SS7,Onthophagus longimanus,1
BC,BC3_SS7,Onthophagus petenensis,0
BC,BC3_SS7,Onthophagus rhinolophus,0
BC,BC3_SS7,Onthophagus sp.nov. aff. subcancer,0
BC,BC3_SS7,Phanaeus endymion,0
BC,BC4_SS1,Copris laeviceps,0
BC,BC4_SS1,Copris lugubris,0
BC,BC4_SS1,Copris nubilosus,39
BC,BC4_SS1,Copris sp.nov.,0
BC,BC4_SS1,Dichotomius annae,0
BC,BC4_SS1,Dichotomius satanas,5
BC,BC4_SS1,Eurysternus foedus,0
BC,BC4_SS1,Eurysternus magnus,1
BC,BC4_SS1,Eurysternus mexicanus,0
BC,BC4_SS1,Eurysternus obliteratus,0
BC,BC4_SS1,Onthophagus aff. anthracinus,0
BC,BC4_SS1,Onthophagus aff. belhorinus,0
BC,BC4_SS1,Onthophagus breviconus,0
BC,BC4_SS1,Onthophagus cyanellus,7
BC,BC4_SS1,Onthophagus longimanus,0
BC,BC4_SS1,Onthophagus petenensis,0
BC,BC4_SS1,Onthophagus rhinolophus,0
BC,BC4_SS1,Onthophagus sp.nov. aff. subcancer,0
BC,BC4_SS1,Phanaeus endymion,0
BC,BC4_SS2,Copris laeviceps,0
BC,BC4_SS2,Copris lugubris,0
BC,BC4_SS2,Copris nubilosus,22
BC,BC4_SS2,Copris sp.nov.,0
BC,BC4_SS2,Dichotomius annae,0
BC,BC4_SS2,Dichotomius satanas,0
BC,BC4_SS2,Eurysternus foedus,0
BC,BC4_SS2,Eurysternus magnus,1
BC,BC4_SS2,Eurysternus mexicanus,0
BC,BC4_SS2,Eurysternus obliteratus,0
BC,BC4_SS2,Onthophagus aff. anthracinus,0
BC,BC4_SS2,Onthophagus aff. belhorinus,0
BC,BC4_SS2,Onthophagus breviconus,0
BC,BC4_SS2,Onthophagus cyanellus,7
BC,BC4_SS2,Onthophagus longimanus,0
BC,BC4_SS2,Onthophagus petenensis,0
BC,BC4_SS2,Onthophagus rhinolophus,0
BC,BC4_SS2,Onthophagus sp.nov. aff. subcancer,0
BC,BC4_SS2,Phanaeus endymion,0
BC,BC4_SS3,Copris laeviceps,0
BC,BC4_SS3,Copris lugubris,0
BC,BC4_SS3,Copris nubilosus,28
BC,BC4_SS3,Copris sp.nov.,0
BC,BC4_SS3,Dichotomius annae,0
BC,BC4_SS3,Dichotomius satanas,0
BC,BC4_SS3,Eurysternus foedus,0
BC,BC4_SS3,Eurysternus magnus,0
BC,BC4_SS3,Eurysternus mexicanus,0
BC,BC4_SS3,Eurysternus obliteratus,0
BC,BC4_SS3,Onthophagus aff. anthracinus,0
BC,BC4_SS3,Onthophagus aff. belhorinus,0
BC,BC4_SS3,Onthophagus breviconus,0
BC,BC4_SS3,Onthophagus cyanellus,4
BC,BC4_SS3,Onthophagus longimanus,0
BC,BC4_SS3,Onthophagus petenensis,0
BC,BC4_SS3,Onthophagus rhinolophus,0
BC,BC4_SS3,Onthophagus sp.nov. aff. subcancer,0
BC,BC4_SS3,Phanaeus endymion,0
BC,BC4_SS4,Copris laeviceps,0
BC,BC4_SS4,Copris lugubris,0
BC,BC4_SS4,Copris nubilosus,47
BC,BC4_SS4,Copris sp.nov.,0
BC,BC4_SS4,Dichotomius annae,0
BC,BC4_SS4,Dichotomius satanas,0
BC,BC4_SS4,Eurysternus foedus,0
BC,BC4_SS4,Eurysternus magnus,0
BC,BC4_SS4,Eurysternus mexicanus,0
BC,BC4_SS4,Eurysternus obliteratus,0
BC,BC4_SS4,Onthophagus aff. anthracinus,0
BC,BC4_SS4,Onthophagus aff. belhorinus,0
BC,BC4_SS4,Onthophagus breviconus,0
BC,BC4_SS4,Onthophagus cyanellus,4
BC,BC4_SS4,Onthophagus longimanus,0
BC,BC4_SS4,Onthophagus petenensis,0
BC,BC4_SS4,Onthophagus rhinolophus,0
BC,BC4_SS4,Onthophagus sp.nov. aff. subcancer,0
BC,BC4_SS4,Phanaeus endymion,0
BC,BC4_SS5,Copris laeviceps,0
BC,BC4_SS5,Copris lugubris,0
BC,BC4_SS5,Copris nubilosus,37
BC,BC4_SS5,Copris sp.nov.,0
BC,BC4_SS5,Dichotomius annae,0
BC,BC4_SS5,Dichotomius satanas,0
BC,BC4_SS5,Eurysternus foedus,0
BC,BC4_SS5,Eurysternus magnus,1
BC,BC4_SS5,Eurysternus mexicanus,0
BC,BC4_SS5,Eurysternus obliteratus,0
BC,BC4_SS5,Onthophagus aff. anthracinus,0
BC,BC4_SS5,Onthophagus aff. belhorinus,0
BC,BC4_SS5,Onthophagus breviconus,0
BC,BC4_SS5,Onthophagus cyanellus,1
BC,BC4_SS5,Onthophagus longimanus,0
BC,BC4_SS5,Onthophagus petenensis,0
BC,BC4_SS5,Onthophagus rhinolophus,0
BC,BC4_SS5,Onthophagus sp.nov. aff. subcancer,1
BC,BC4_SS5,Phanaeus endymion,0
BC,BC4_SS6,Copris laeviceps,0
BC,BC4_SS6,Copris lugubris,0
BC,BC4_SS6,Copris nubilosus,31
BC,BC4_SS6,Copris sp.nov.,0
BC,BC4_SS6,Dichotomius annae,0
BC,BC4_SS6,Dichotomius satanas,0
BC,BC4_SS6,Eurysternus foedus,0
BC,BC4_SS6,Eurysternus magnus,1
BC,BC4_SS6,Eurysternus mexicanus,0
BC,BC4_SS6,Eurysternus obliteratus,0
BC,BC4_SS6,Onthophagus aff. anthracinus,0
BC,BC4_SS6,Onthophagus aff. belhorinus,0
BC,BC4_SS6,Onthophagus breviconus,0
BC,BC4_SS6,Onthophagus cyanellus,4
BC,BC4_SS6,Onthophagus longimanus,0
BC,BC4_SS6,Onthophagus petenensis,0
BC,BC4_SS6,Onthophagus rhinolophus,0
BC,BC4_SS6,Onthophagus sp.nov. aff. subcancer,0
BC,BC4_SS6,Phanaeus endymion,0
CA,CA2_SS1,Copris laeviceps,0
CA,CA2_SS1,Copris lugubris,0
CA,CA2_SS1,Copris nubilosus,0
CA,CA2_SS1,Copris sp.nov.,0
CA,CA2_SS1,Dichotomius annae,0
CA,CA2_SS1,Dichotomius satanas,0
CA,CA2_SS1,Eurysternus foedus,0
CA,CA2_SS1,Eurysternus magnus,0
CA,CA2_SS1,Eurysternus mexicanus,0
CA,CA2_SS1,Eurysternus obliteratus,0
CA,CA2_SS1,Onthophagus aff. anthracinus,0
CA,CA2_SS1,Onthophagus aff. belhorinus,0
CA,CA2_SS1,Onthophagus breviconus,0
CA,CA2_SS1,Onthophagus cyanellus,0
CA,CA2_SS1,Onthophagus longimanus,0
CA,CA2_SS1,Onthophagus petenensis,0
CA,CA2_SS1,Onthophagus rhinolophus,0
CA,CA2_SS1,Onthophagus sp.nov. aff. subcancer,4
CA,CA2_SS1,Phanaeus endymion,0
CA,CA2_SS2,Copris laeviceps,0
CA,CA2_SS2,Copris lugubris,0
CA,CA2_SS2,Copris nubilosus,0
CA,CA2_SS2,Copris sp.nov.,0
CA,CA2_SS2,Dichotomius annae,0
CA,CA2_SS2,Dichotomius satanas,0
CA,CA2_SS2,Eurysternus foedus,0
CA,CA2_SS2,Eurysternus magnus,0
CA,CA2_SS2,Eurysternus mexicanus,0
CA,CA2_SS2,Eurysternus obliteratus,0
CA,CA2_SS2,Onthophagus aff. anthracinus,0
CA,CA2_SS2,Onthophagus aff. belhorinus,0
CA,CA2_SS2,Onthophagus breviconus,0
CA,CA2_SS2,Onthophagus cyanellus,1
CA,CA2_SS2,Onthophagus longimanus,0
CA,CA2_SS2,Onthophagus petenensis,0
CA,CA2_SS2,Onthophagus rhinolophus,0
CA,CA2_SS2,Onthophagus sp.nov. aff. subcancer,0
CA,CA2_SS2,Phanaeus endymion,0
CA,CA2_SS3,Copris laeviceps,0
CA,CA2_SS3,Copris lugubris,0
CA,CA2_SS3,Copris nubilosus,0
CA,CA2_SS3,Copris sp.nov.,0
CA,CA2_SS3,Dichotomius annae,0
CA,CA2_SS3,Dichotomius satanas,0
CA,CA2_SS3,Eurysternus foedus,0
CA,CA2_SS3,Eurysternus magnus,0
CA,CA2_SS3,Eurysternus mexicanus,0
CA,CA2_SS3,Eurysternus obliteratus,0
CA,CA2_SS3,Onthophagus aff. anthracinus,0
CA,CA2_SS3,Onthophagus aff. belhorinus,0
CA,CA2_SS3,Onthophagus breviconus,0
CA,CA2_SS3,Onthophagus cyanellus,0
CA,CA2_SS3,Onthophagus longimanus,0
CA,CA2_SS3,Onthophagus petenensis,0
CA,CA2_SS3,Onthophagus rhinolophus,0
CA,CA2_SS3,Onthophagus sp.nov. aff. subcancer,1
CA,CA2_SS3,Phanaeus endymion,0
CA,CA2_SS4,Copris laeviceps,0
CA,CA2_SS4,Copris lugubris,0
CA,CA2_SS4,Copris nubilosus,0
CA,CA2_SS4,Copris sp.nov.,0
CA,CA2_SS4,Dichotomius annae,0
CA,CA2_SS4,Dichotomius satanas,0
CA,CA2_SS4,Eurysternus foedus,0
CA,CA2_SS4,Eurysternus magnus,0
CA,CA2_SS4,Eurysternus mexicanus,0
CA,CA2_SS4,Eurysternus obliteratus,0
CA,CA2_SS4,Onthophagus aff. anthracinus,0
CA,CA2_SS4,Onthophagus aff. belhorinus,0
CA,CA2_SS4,Onthophagus breviconus,0
CA,CA2_SS4,Onthophagus cyanellus,0
CA,CA2_SS4,Onthophagus longimanus,0
CA,CA2_SS4,Onthophagus petenensis,0
CA,CA2_SS4,Onthophagus rhinolophus,0
CA,CA2_SS4,Onthophagus sp.nov. aff. subcancer,1
CA,CA2_SS4,Phanaeus endymion,0
CA,CA2_SS5,Copris laeviceps,0
CA,CA2_SS5,Copris lugubris,0
CA,CA2_SS5,Copris nubilosus,0
CA,CA2_SS5,Copris sp.nov.,0
CA,CA2_SS5,Dichotomius annae,0
CA,CA2_SS5,Dichotomius satanas,0
CA,CA2_SS5,Eurysternus foedus,0
CA,CA2_SS5,Eurysternus magnus,0
CA,CA2_SS5,Eurysternus mexicanus,0
CA,CA2_SS5,Eurysternus obliteratus,0
CA,CA2_SS5,Onthophagus aff. anthracinus,0
CA,CA2_SS5,Onthophagus aff. belhorinus,0
CA,CA2_SS5,Onthophagus breviconus,0
CA,CA2_SS5,Onthophagus cyanellus,0
CA,CA2_SS5,Onthophagus longimanus,0
CA,CA2_SS5,Onthophagus petenensis,0
CA,CA2_SS5,Onthophagus rhinolophus,0
CA,CA2_SS5,Onthophagus sp.nov. aff. subcancer,2
CA,CA2_SS5,Phanaeus endymion,0
CA,CA2_SS6,Copris laeviceps,0
CA,CA2_SS6,Copris lugubris,0
CA,CA2_SS6,Copris nubilosus,0
CA,CA2_SS6,Copris sp.nov.,0
CA,CA2_SS6,Dichotomius annae,0
CA,CA2_SS6,Dichotomius satanas,0
CA,CA2_SS6,Eurysternus foedus,0
CA,CA2_SS6,Eurysternus magnus,0
CA,CA2_SS6,Eurysternus mexicanus,0
CA,CA2_SS6,Eurysternus obliteratus,0
CA,CA2_SS6,Onthophagus aff. anthracinus,0
CA,CA2_SS6,Onthophagus aff. belhorinus,0
CA,CA2_SS6,Onthophagus breviconus,0
CA,CA2_SS6,Onthophagus cyanellus,0
CA,CA2_SS6,Onthophagus longimanus,0
CA,CA2_SS6,Onthophagus petenensis,0
CA,CA2_SS6,Onthophagus rhinolophus,0
CA,CA2_SS6,Onthophagus sp.nov. aff. subcancer,0
CA,CA2_SS6,Phanaeus endymion,0
CA,CA2_SS7,Copris laeviceps,0
CA,CA2_SS7,Copris lugubris,0
CA,CA2_SS7,Copris nubilosus,0
CA,CA2_SS7,Copris sp.nov.,0
CA,CA2_SS7,Dichotomius annae,0
CA,CA2_SS7,Dichotomius satanas,0
CA,CA2_SS7,Eurysternus foedus,0
CA,CA2_SS7,Eurysternus magnus,0
CA,CA2_SS7,Eurysternus mexicanus,0
CA,CA2_SS7,Eurysternus obliteratus,0
CA,CA2_SS7,Onthophagus aff. anthracinus,0
CA,CA2_SS7,Onthophagus aff. belhorinus,0
CA,CA2_SS7,Onthophagus breviconus,0
CA,CA2_SS7,Onthophagus cyanellus,0
CA,CA2_SS7,Onthophagus longimanus,0
CA,CA2_SS7,Onthophagus petenensis,0
CA,CA2_SS7,Onthophagus rhinolophus,0
CA,CA2_SS7,Onthophagus sp.nov. aff. subcancer,2
CA,CA2_SS7,Phanaeus endymion,0
CA,CA3_SS1,Copris laeviceps,0
CA,CA3_SS1,Copris lugubris,0
CA,CA3_SS1,Copris nubilosus,0
CA,CA3_SS1,Copris sp.nov.,0
CA,CA3_SS1,Dichotomius annae,0
CA,CA3_SS1,Dichotomius satanas,0
CA,CA3_SS1,Eurysternus foedus,0
CA,CA3_SS1,Eurysternus magnus,0
CA,CA3_SS1,Eurysternus mexicanus,0
CA,CA3_SS1,Eurysternus obliteratus,0
CA,CA3_SS1,Onthophagus aff. anthracinus,0
CA,CA3_SS1,Onthophagus aff. belhorinus,0
CA,CA3_SS1,Onthophagus breviconus,0
CA,CA3_SS1,Onthophagus cyanellus,0
CA,CA3_SS1,Onthophagus longimanus,0
CA,CA3_SS1,Onthophagus petenensis,0
CA,CA3_SS1,Onthophagus rhinolophus,0
CA,CA3_SS1,Onthophagus sp.nov. aff. subcancer,6
CA,CA3_SS1,Phanaeus endymion,0
CA,CA3_SS2,Copris laeviceps,0
CA,CA3_SS2,Copris lugubris,0
CA,CA3_SS2,Copris nubilosus,0
CA,CA3_SS2,Copris sp.nov.,0
CA,CA3_SS2,Dichotomius annae,0
CA,CA3_SS2,Dichotomius satanas,0
CA,CA3_SS2,Eurysternus foedus,0
CA,CA3_SS2,Eurysternus magnus,0
CA,CA3_SS2,Eurysternus mexicanus,0
CA,CA3_SS2,Eurysternus obliteratus,0
CA,CA3_SS2,Onthophagus aff. anthracinus,0
CA,CA3_SS2,Onthophagus aff. belhorinus,0
CA,CA3_SS2,Onthophagus breviconus,0
CA,CA3_SS2,Onthophagus cyanellus,0
CA,CA3_SS2,Onthophagus longimanus,0
CA,CA3_SS2,Onthophagus petenensis,0
CA,CA3_SS2,Onthophagus rhinolophus,0
CA,CA3_SS2,Onthophagus sp.nov. aff. subcancer,14
CA,CA3_SS2,Phanaeus endymion,0
CA,CA3_SS3,Copris laeviceps,0
CA,CA3_SS3,Copris lugubris,0
CA,CA3_SS3,Copris nubilosus,1
CA,CA3_SS3,Copris sp.nov.,0
CA,CA3_SS3,Dichotomius annae,0
CA,CA3_SS3,Dichotomius satanas,0
CA,CA3_SS3,Eurysternus foedus,0
CA,CA3_SS3,Eurysternus magnus,0
CA,CA3_SS3,Eurysternus mexicanus,0
CA,CA3_SS3,Eurysternus obliteratus,0
CA,CA3_SS3,Onthophagus aff. anthracinus,0
CA,CA3_SS3,Onthophagus aff. belhorinus,0
CA,CA3_SS3,Onthophagus breviconus,0
CA,CA3_SS3,Onthophagus cyanellus,0
CA,CA3_SS3,Onthophagus longimanus,0
CA,CA3_SS3,Onthophagus petenensis,0
CA,CA3_SS3,Onthophagus rhinolophus,0
CA,CA3_SS3,Onthophagus sp.nov. aff. subcancer,7
CA,CA3_SS3,Phanaeus endymion,0
CA,CA4_SS1,Copris laeviceps,0
CA,CA4_SS1,Copris lugubris,0
CA,CA4_SS1,Copris nubilosus,2
CA,CA4_SS1,Copris sp.nov.,0
CA,CA4_SS1,Dichotomius annae,0
CA,CA4_SS1,Dichotomius satanas,0
CA,CA4_SS1,Eurysternus foedus,0
CA,CA4_SS1,Eurysternus magnus,0
CA,CA4_SS1,Eurysternus mexicanus,0
CA,CA4_SS1,Eurysternus obliteratus,0
CA,CA4_SS1,Onthophagus aff. anthracinus,0
CA,CA4_SS1,Onthophagus aff. belhorinus,0
CA,CA4_SS1,Onthophagus breviconus,0
CA,CA4_SS1,Onthophagus cyanellus,0
CA,CA4_SS1,Onthophagus longimanus,0
CA,CA4_SS1,Onthophagus petenensis,0
CA,CA4_SS1,Onthophagus rhinolophus,0
CA,CA4_SS1,Onthophagus sp.nov. aff. subcancer,2
CA,CA4_SS1,Phanaeus endymion,0
CA,CA4_SS2,Copris laeviceps,0
CA,CA4_SS2,Copris lugubris,0
CA,CA4_SS2,Copris nubilosus,11
CA,CA4_SS2,Copris sp.nov.,0
CA,CA4_SS2,Dichotomius annae,0
CA,CA4_SS2,Dichotomius satanas,0
CA,CA4_SS2,Eurysternus foedus,0
CA,CA4_SS2,Eurysternus magnus,0
CA,CA4_SS2,Eurysternus mexicanus,0
CA,CA4_SS2,Eurysternus obliteratus,0
CA,CA4_SS2,Onthophagus aff. anthracinus,0
CA,CA4_SS2,Onthophagus aff. belhorinus,0
CA,CA4_SS2,Onthophagus breviconus,0
CA,CA4_SS2,Onthophagus cyanellus,0
CA,CA4_SS2,Onthophagus longimanus,0
CA,CA4_SS2,Onthophagus petenensis,0
CA,CA4_SS2,Onthophagus rhinolophus,0
CA,CA4_SS2,Onthophagus sp.nov. aff. subcancer,1
CA,CA4_SS2,Phanaeus endymion,0
CA,CA4_SS3,Copris laeviceps,0
CA,CA4_SS3,Copris lugubris,0
CA,CA4_SS3,Copris nubilosus,10
CA,CA4_SS3,Copris sp.nov.,0
CA,CA4_SS3,Dichotomius annae,0
CA,CA4_SS3,Dichotomius satanas,0
CA,CA4_SS3,Eurysternus foedus,0
CA,CA4_SS3,Eurysternus magnus,0
CA,CA4_SS3,Eurysternus mexicanus,0
CA,CA4_SS3,Eurysternus obliteratus,0
CA,CA4_SS3,Onthophagus aff. anthracinus,0
CA,CA4_SS3,Onthophagus aff. belhorinus,0
CA,CA4_SS3,Onthophagus breviconus,0
CA,CA4_SS3,Onthophagus cyanellus,0
CA,CA4_SS3,Onthophagus longimanus,0
CA,CA4_SS3,Onthophagus petenensis,0
CA,CA4_SS3,Onthophagus rhinolophus,0
CA,CA4_SS3,Onthophagus sp.nov. aff. subcancer,0
CA,CA4_SS3,Phanaeus endymion,0
CA,CA4_SS4,Copris laeviceps,0
CA,CA4_SS4,Copris lugubris,0
CA,CA4_SS4,Copris nubilosus,3
CA,CA4_SS4,Copris sp.nov.,0
CA,CA4_SS4,Dichotomius annae,0
CA,CA4_SS4,Dichotomius satanas,0
CA,CA4_SS4,Eurysternus foedus,0
CA,CA4_SS4,Eurysternus magnus,0
CA,CA4_SS4,Eurysternus mexicanus,0
CA,CA4_SS4,Eurysternus obliteratus,0
CA,CA4_SS4,Onthophagus aff. anthracinus,0
CA,CA4_SS4,Onthophagus aff. belhorinus,0
CA,CA4_SS4,Onthophagus breviconus,0
CA,CA4_SS4,Onthophagus cyanellus,0
CA,CA4_SS4,Onthophagus longimanus,0
CA,CA4_SS4,Onthophagus petenensis,0
CA,CA4_SS4,Onthophagus rhinolophus,0
CA,CA4_SS4,Onthophagus sp.nov. aff. subcancer,3
CA,CA4_SS4,Phanaeus endymion,0
CA,CA5_SS1,Copris laeviceps,0
CA,CA5_SS1,Copris lugubris,0
CA,CA5_SS1,Copris nubilosus,3
CA,CA5_SS1,Copris sp.nov.,0
CA,CA5_SS1,Dichotomius annae,0
CA,CA5_SS1,Dichotomius satanas,0
CA,CA5_SS1,Eurysternus foedus,0
CA,CA5_SS1,Eurysternus magnus,0
CA,CA5_SS1,Eurysternus mexicanus,0
CA,CA5_SS1,Eurysternus obliteratus,0
CA,CA5_SS1,Onthophagus aff. anthracinus,0
CA,CA5_SS1,Onthophagus aff. belhorinus,0
CA,CA5_SS1,Onthophagus breviconus,0
CA,CA5_SS1,Onthophagus cyanellus,0
CA,CA5_SS1,Onthophagus longimanus,0
CA,CA5_SS1,Onthophagus petenensis,0
CA,CA5_SS1,Onthophagus rhinolophus,0
CA,CA5_SS1,Onthophagus sp.nov. aff. subcancer,1
CA,CA5_SS1,Phanaeus endymion,0
CA,CA5_SS2,Copris laeviceps,0
CA,CA5_SS2,Copris lugubris,0
CA,CA5_SS2,Copris nubilosus,3
CA,CA5_SS2,Copris sp.nov.,0
CA,CA5_SS2,Dichotomius annae,0
CA,CA5_SS2,Dichotomius satanas,0
CA,CA5_SS2,Eurysternus foedus,0
CA,CA5_SS2,Eurysternus magnus,0
CA,CA5_SS2,Eurysternus mexicanus,0
CA,CA5_SS2,Eurysternus obliteratus,0
CA,CA5_SS2,Onthophagus aff. anthracinus,0
CA,CA5_SS2,Onthophagus aff. belhorinus,0
CA,CA5_SS2,Onthophagus breviconus,0
CA,CA5_SS2,Onthophagus cyanellus,0
CA,CA5_SS2,Onthophagus longimanus,0
CA,CA5_SS2,Onthophagus petenensis,0
CA,CA5_SS2,Onthophagus rhinolophus,0
CA,CA5_SS2,Onthophagus sp.nov. aff. subcancer,0
CA,CA5_SS2,Phanaeus endymion,0
CA,CA5_SS3,Copris laeviceps,0
CA,CA5_SS3,Copris lugubris,0
CA,CA5_SS3,Copris nubilosus,3
CA,CA5_SS3,Copris sp.nov.,0
CA,CA5_SS3,Dichotomius annae,0
CA,CA5_SS3,Dichotomius satanas,0
CA,CA5_SS3,Eurysternus foedus,0
CA,CA5_SS3,Eurysternus magnus,0
CA,CA5_SS3,Eurysternus mexicanus,0
CA,CA5_SS3,Eurysternus obliteratus,0
CA,CA5_SS3,Onthophagus aff. anthracinus,0
CA,CA5_SS3,Onthophagus aff. belhorinus,0
CA,CA5_SS3,Onthophagus breviconus,0
CA,CA5_SS3,Onthophagus cyanellus,0
CA,CA5_SS3,Onthophagus longimanus,0
CA,CA5_SS3,Onthophagus petenensis,0
CA,CA5_SS3,Onthophagus rhinolophus,0
CA,CA5_SS3,Onthophagus sp.nov. aff. subcancer,4
CA,CA5_SS3,Phanaeus endymion,0
CA,CA5_SS4,Copris laeviceps,0
CA,CA5_SS4,Copris lugubris,0
CA,CA5_SS4,Copris nubilosus,1
CA,CA5_SS4,Copris sp.nov.,0
CA,CA5_SS4,Dichotomius annae,0
CA,CA5_SS4,Dichotomius satanas,0
CA,CA5_SS4,Eurysternus foedus,0
CA,CA5_SS4,Eurysternus magnus,0
CA,CA5_SS4,Eurysternus mexicanus,0
CA,CA5_SS4,Eurysternus obliteratus,0
CA,CA5_SS4,Onthophagus aff. anthracinus,0
CA,CA5_SS4,Onthophagus aff. belhorinus,0
CA,CA5_SS4,Onthophagus breviconus,0
CA,CA5_SS4,Onthophagus cyanellus,0
CA,CA5_SS4,Onthophagus longimanus,0
CA,CA5_SS4,Onthophagus petenensis,0
CA,CA5_SS4,Onthophagus rhinolophus,0
CA,CA5_SS4,Onthophagus sp.nov. aff. subcancer,0
CA,CA5_SS4,Phanaeus endymion,0
CA,CA5_SS5,Copris laeviceps,0
CA,CA5_SS5,Copris lugubris,0
CA,CA5_SS5,Copris nubilosus,4
CA,CA5_SS5,Copris sp.nov.,0
CA,CA5_SS5,Dichotomius annae,0
CA,CA5_SS5,Dichotomius satanas,0
CA,CA5_SS5,Eurysternus foedus,0
CA,CA5_SS5,Eurysternus magnus,0
CA,CA5_SS5,Eurysternus mexicanus,0
CA,CA5_SS5,Eurysternus obliteratus,0
CA,CA5_SS5,Onthophagus aff. anthracinus,0
CA,CA5_SS5,Onthophagus aff. belhorinus,0
CA,CA5_SS5,Onthophagus breviconus,0
CA,CA5_SS5,Onthophagus cyanellus,0
CA,CA5_SS5,Onthophagus longimanus,0
CA,CA5_SS5,Onthophagus petenensis,0
CA,CA5_SS5,Onthophagus rhinolophus,0
CA,CA5_SS5,Onthophagus sp.nov. aff. subcancer,1
CA,CA5_SS5,Phanaeus endymion,0
CA,CA5_SS6,Copris laeviceps,0
CA,CA5_SS6,Copris lugubris,0
CA,CA5_SS6,Copris nubilosus,6
CA,CA5_SS6,Copris sp.nov.,0
CA,CA5_SS6,Dichotomius annae,0
CA,CA5_SS6,Dichotomius satanas,0
CA,CA5_SS6,Eurysternus foedus,0
CA,CA5_SS6,Eurysternus magnus,0
CA,CA5_SS6,Eurysternus mexicanus,0
CA,CA5_SS6,Eurysternus obliteratus,0
CA,CA5_SS6,Onthophagus aff. anthracinus,0
CA,CA5_SS6,Onthophagus aff. belhorinus,0
CA,CA5_SS6,Onthophagus breviconus,0
CA,CA5_SS6,Onthophagus cyanellus,0
CA,CA5_SS6,Onthophagus longimanus,0
CA,CA5_SS6,Onthophagus petenensis,0
CA,CA5_SS6,Onthophagus rhinolophus,0
CA,CA5_SS6,Onthophagus sp.nov. aff. subcancer,1
CA,CA5_SS6,Phanaeus endymion,0
CA,CA5_SS7,Copris laeviceps,0
CA,CA5_SS7,Copris lugubris,0
CA,CA5_SS7,Copris nubilosus,6
CA,CA5_SS7,Copris sp.nov.,0
CA,CA5_SS7,Dichotomius annae,0
CA,CA5_SS7,Dichotomius satanas,0
CA,CA5_SS7,Eurysternus foedus,0
CA,CA5_SS7,Eurysternus magnus,0
CA,CA5_SS7,Eurysternus mexicanus,0
CA,CA5_SS7,Eurysternus obliteratus,0
CA,CA5_SS7,Onthophagus aff. anthracinus,0
CA,CA5_SS7,Onthophagus aff. belhorinus,0
CA,CA5_SS7,Onthophagus breviconus,0
CA,CA5_SS7,Onthophagus cyanellus,0
CA,CA5_SS7,Onthophagus longimanus,0
CA,CA5_SS7,Onthophagus petenensis,0
CA,CA5_SS7,Onthophagus rhinolophus,0
CA,CA5_SS7,Onthophagus sp.nov. aff. subcancer,0
CA,CA5_SS7,Phanaeus endymion,0
CA,CA5_SS8,Copris laeviceps,0
CA,CA5_SS8,Copris lugubris,0
CA,CA5_SS8,Copris nubilosus,10
CA,CA5_SS8,Copris sp.nov.,0
CA,CA5_SS8,Dichotomius annae,0
CA,CA5_SS8,Dichotomius satanas,0
CA,CA5_SS8,Eurysternus foedus,0
CA,CA5_SS8,Eurysternus magnus,0
CA,CA5_SS8,Eurysternus mexicanus,0
CA,CA5_SS8,Eurysternus obliteratus,0
CA,CA5_SS8,Onthophagus aff. anthracinus,0
CA,CA5_SS8,Onthophagus aff. belhorinus,0
CA,CA5_SS8,Onthophagus breviconus,0
CA,CA5_SS8,Onthophagus cyanellus,1
CA,CA5_SS8,Onthophagus longimanus,0
CA,CA5_SS8,Onthophagus petenensis,0
CA,CA5_SS8,Onthophagus rhinolophus,0
CA,CA5_SS8,Onthophagus sp.nov. aff. subcancer,0
CA,CA5_SS8,Phanaeus endymion,0
CO,CO1_DS2,Copris laeviceps,0
CO,CO1_DS2,Copris lugubris,0
CO,CO1_DS2,Copris nubilosus,11
CO,CO1_DS2,Copris sp.nov.,0
CO,CO1_DS2,Dichotomius annae,0
CO,CO1_DS2,Dichotomius satanas,8
CO,CO1_DS2,Eurysternus foedus,0
CO,CO1_DS2,Eurysternus magnus,6
CO,CO1_DS2,Eurysternus mexicanus,0
CO,CO1_DS2,Eurysternus obliteratus,0
CO,CO1_DS2,Onthophagus aff. anthracinus,0
CO,CO1_DS2,Onthophagus aff. belhorinus,0
CO,CO1_DS2,Onthophagus breviconus,1
CO,CO1_DS2,Onthophagus cyanellus,0
CO,CO1_DS2,Onthophagus longimanus,0
CO,CO1_DS2,Onthophagus petenensis,0
CO,CO1_DS2,Onthophagus rhinolophus,0
CO,CO1_DS2,Onthophagus sp.nov. aff. subcancer,0
CO,CO1_DS2,Phanaeus endymion,0
CO,CO1_DS3,Copris laeviceps,0
CO,CO1_DS3,Copris lugubris,0
CO,CO1_DS3,Copris nubilosus,2
CO,CO1_DS3,Copris sp.nov.,0
CO,CO1_DS3,Dichotomius annae,0
CO,CO1_DS3,Dichotomius satanas,13
CO,CO1_DS3,Eurysternus foedus,0
CO,CO1_DS3,Eurysternus magnus,4
CO,CO1_DS3,Eurysternus mexicanus,0
CO,CO1_DS3,Eurysternus obliteratus,0
CO,CO1_DS3,Onthophagus aff. anthracinus,0
CO,CO1_DS3,Onthophagus aff. belhorinus,0
CO,CO1_DS3,Onthophagus breviconus,0
CO,CO1_DS3,Onthophagus cyanellus,0
CO,CO1_DS3,Onthophagus longimanus,0
CO,CO1_DS3,Onthophagus petenensis,0
CO,CO1_DS3,Onthophagus rhinolophus,0
CO,CO1_DS3,Onthophagus sp.nov. aff. subcancer,0
CO,CO1_DS3,Phanaeus endymion,0
CO,CO1_DS4,Copris laeviceps,0
CO,CO1_DS4,Copris lugubris,0
CO,CO1_DS4,Copris nubilosus,1
CO,CO1_DS4,Copris sp.nov.,0
CO,CO1_DS4,Dichotomius annae,0
CO,CO1_DS4,Dichotomius satanas,13
CO,CO1_DS4,Eurysternus foedus,0
CO,CO1_DS4,Eurysternus magnus,8
CO,CO1_DS4,Eurysternus mexicanus,0
CO,CO1_DS4,Eurysternus obliteratus,1
CO,CO1_DS4,Onthophagus aff. anthracinus,1
CO,CO1_DS4,Onthophagus aff. belhorinus,0
CO,CO1_DS4,Onthophagus breviconus,0
CO,CO1_DS4,Onthophagus cyanellus,0
CO,CO1_DS4,Onthophagus longimanus,0
CO,CO1_DS4,Onthophagus petenensis,0
CO,CO1_DS4,Onthophagus rhinolophus,0
CO,CO1_DS4,Onthophagus sp.nov. aff. subcancer,0
CO,CO1_DS4,Phanaeus endymion,0
CO,CO1_SS1,Copris laeviceps,0
CO,CO1_SS1,Copris lugubris,0
CO,CO1_SS1,Copris nubilosus,0
CO,CO1_SS1,Copris sp.nov.,0
CO,CO1_SS1,Dichotomius annae,0
CO,CO1_SS1,Dichotomius satanas,4
CO,CO1_SS1,Eurysternus foedus,0
CO,CO1_SS1,Eurysternus magnus,8
CO,CO1_SS1,Eurysternus mexicanus,0
CO,CO1_SS1,Eurysternus obliteratus,0
CO,CO1_SS1,Onthophagus aff. anthracinus,1
CO,CO1_SS1,Onthophagus aff. belhorinus,0
CO,CO1_SS1,Onthophagus breviconus,0
CO,CO1_SS1,Onthophagus cyanellus,1
CO,CO1_SS1,Onthophagus longimanus,0
CO,CO1_SS1,Onthophagus petenensis,0
CO,CO1_SS1,Onthophagus rhinolophus,0
CO,CO1_SS1,Onthophagus sp.nov. aff. subcancer,0
CO,CO1_SS1,Phanaeus endymion,0
CO,CO1_SS2,Copris laeviceps,0
CO,CO1_SS2,Copris lugubris,0
CO,CO1_SS2,Copris nubilosus,16
CO,CO1_SS2,Copris sp.nov.,0
CO,CO1_SS2,Dichotomius annae,0
CO,CO1_SS2,Dichotomius satanas,32
CO,CO1_SS2,Eurysternus foedus,0
CO,CO1_SS2,Eurysternus magnus,3
CO,CO1_SS2,Eurysternus mexicanus,0
CO,CO1_SS2,Eurysternus obliteratus,0
CO,CO1_SS2,Onthophagus aff. anthracinus,0
CO,CO1_SS2,Onthophagus aff. belhorinus,0
CO,CO1_SS2,Onthophagus breviconus,0
CO,CO1_SS2,Onthophagus cyanellus,1
CO,CO1_SS2,Onthophagus longimanus,0
CO,CO1_SS2,Onthophagus petenensis,0
CO,CO1_SS2,Onthophagus rhinolophus,0
CO,CO1_SS2,Onthophagus sp.nov. aff. subcancer,0
CO,CO1_SS2,Phanaeus endymion,0
CO,CO1_SS3,Copris laeviceps,0
CO,CO1_SS3,Copris lugubris,0
CO,CO1_SS3,Copris nubilosus,1
CO,CO1_SS3,Copris sp.nov.,0
CO,CO1_SS3,Dichotomius annae,0
CO,CO1_SS3,Dichotomius satanas,6
CO,CO1_SS3,Eurysternus foedus,0
CO,CO1_SS3,Eurysternus magnus,6
CO,CO1_SS3,Eurysternus mexicanus,0
CO,CO1_SS3,Eurysternus obliteratus,0
CO,CO1_SS3,Onthophagus aff. anthracinus,1
CO,CO1_SS3,Onthophagus aff. belhorinus,0
CO,CO1_SS3,Onthophagus breviconus,0
CO,CO1_SS3,Onthophagus cyanellus,0
CO,CO1_SS3,Onthophagus longimanus,0
CO,CO1_SS3,Onthophagus petenensis,0
CO,CO1_SS3,Onthophagus rhinolophus,0
CO,CO1_SS3,Onthophagus sp.nov. aff. subcancer,0
CO,CO1_SS3,Phanaeus endymion,0
CO,CO1_SS4,Copris laeviceps,0
CO,CO1_SS4,Copris lugubris,0
CO,CO1_SS4,Copris nubilosus,5
CO,CO1_SS4,Copris sp.nov.,0
CO,CO1_SS4,Dichotomius annae,0
CO,CO1_SS4,Dichotomius satanas,9
CO,CO1_SS4,Eurysternus foedus,0
CO,CO1_SS4,Eurysternus magnus,4
CO,CO1_SS4,Eurysternus mexicanus,0
CO,CO1_SS4,Eurysternus obliteratus,0
CO,CO1_SS4,Onthophagus aff. anthracinus,0
CO,CO1_SS4,Onthophagus aff. belhorinus,0
CO,CO1_SS4,Onthophagus breviconus,0
CO,CO1_SS4,Onthophagus cyanellus,0
CO,CO1_SS4,Onthophagus longimanus,0
CO,CO1_SS4,Onthophagus petenensis,0
CO,CO1_SS4,Onthophagus rhinolophus,0
CO,CO1_SS4,Onthophagus sp.nov. aff. subcancer,0
CO,CO1_SS4,Phanaeus endymion,1
CO,CO1_SS5,Copris laeviceps,0
CO,CO1_SS5,Copris lugubris,0
CO,CO1_SS5,Copris nubilosus,5
CO,CO1_SS5,Copris sp.nov.,0
CO,CO1_SS5,Dichotomius annae,0
CO,CO1_SS5,Dichotomius satanas,8
CO,CO1_SS5,Eurysternus foedus,0
CO,CO1_SS5,Eurysternus magnus,2
CO,CO1_SS5,Eurysternus mexicanus,0
CO,CO1_SS5,Eurysternus obliteratus,1
CO,CO1_SS5,Onthophagus aff. anthracinus,0
CO,CO1_SS5,Onthophagus aff. belhorinus,0
CO,CO1_SS5,Onthophagus breviconus,1
CO,CO1_SS5,Onthophagus cyanellus,0
CO,CO1_SS5,Onthophagus longimanus,0
CO,CO1_SS5,Onthophagus petenensis,0
CO,CO1_SS5,Onthophagus rhinolophus,0
CO,CO1_SS5,Onthophagus sp.nov. aff. subcancer,0
CO,CO1_SS5,Phanaeus endymion,3
CO,CO2_SS1,Copris laeviceps,0
CO,CO2_SS1,Copris lugubris,0
CO,CO2_SS1,Copris nubilosus,24
CO,CO2_SS1,Copris sp.nov.,0
CO,CO2_SS1,Dichotomius annae,0
CO,CO2_SS1,Dichotomius satanas,18
CO,CO2_SS1,Eurysternus foedus,0
CO,CO2_SS1,Eurysternus magnus,8
CO,CO2_SS1,Eurysternus mexicanus,0
CO,CO2_SS1,Eurysternus obliteratus,0
CO,CO2_SS1,Onthophagus aff. anthracinus,0
CO,CO2_SS1,Onthophagus aff. belhorinus,0
CO,CO2_SS1,Onthophagus breviconus,1
CO,CO2_SS1,Onthophagus cyanellus,1
CO,CO2_SS1,Onthophagus longimanus,0
CO,CO2_SS1,Onthophagus petenensis,0
CO,CO2_SS1,Onthophagus rhinolophus,0
CO,CO2_SS1,Onthophagus sp.nov. aff. subcancer,0
CO,CO2_SS1,Phanaeus endymion,0
CO,CO2_SS2,Copris laeviceps,0
CO,CO2_SS2,Copris lugubris,0
CO,CO2_SS2,Copris nubilosus,28
CO,CO2_SS2,Copris sp.nov.,0
CO,CO2_SS2,Dichotomius annae,0
CO,CO2_SS2,Dichotomius satanas,9
CO,CO2_SS2,Eurysternus foedus,0
CO,CO2_SS2,Eurysternus magnus,5
CO,CO2_SS2,Eurysternus mexicanus,0
CO,CO2_SS2,Eurysternus obliteratus,0
CO,CO2_SS2,Onthophagus aff. anthracinus,0
CO,CO2_SS2,Onthophagus aff. belhorinus,0
CO,CO2_SS2,Onthophagus breviconus,0
CO,CO2_SS2,Onthophagus cyanellus,0
CO,CO2_SS2,Onthophagus longimanus,0
CO,CO2_SS2,Onthophagus petenensis,0
CO,CO2_SS2,Onthophagus rhinolophus,0
CO,CO2_SS2,Onthophagus sp.nov. aff. subcancer,0
CO,CO2_SS2,Phanaeus endymion,0
CO,CO2_SS3,Copris laeviceps,0
CO,CO2_SS3,Copris lugubris,0
CO,CO2_SS3,Copris nubilosus,54
CO,CO2_SS3,Copris sp.nov.,0
CO,CO2_SS3,Dichotomius annae,0
CO,CO2_SS3,Dichotomius satanas,5
CO,CO2_SS3,Eurysternus foedus,0
CO,CO2_SS3,Eurysternus magnus,1
CO,CO2_SS3,Eurysternus mexicanus,0
CO,CO2_SS3,Eurysternus obliteratus,0
CO,CO2_SS3,Onthophagus aff. anthracinus,0
CO,CO2_SS3,Onthophagus aff. belhorinus,0
CO,CO2_SS3,Onthophagus breviconus,0
CO,CO2_SS3,Onthophagus cyanellus,0
CO,CO2_SS3,Onthophagus longimanus,0
CO,CO2_SS3,Onthophagus petenensis,0
CO,CO2_SS3,Onthophagus rhinolophus,0
CO,CO2_SS3,Onthophagus sp.nov. aff. subcancer,0
CO,CO2_SS3,Phanaeus endymion,0
CO,CO3_SS1,Copris laeviceps,0
CO,CO3_SS1,Copris lugubris,0
CO,CO3_SS1,Copris nubilosus,33
CO,CO3_SS1,Copris sp.nov.,0
CO,CO3_SS1,Dichotomius annae,0
CO,CO3_SS1,Dichotomius satanas,7
CO,CO3_SS1,Eurysternus foedus,0
CO,CO3_SS1,Eurysternus magnus,2
CO,CO3_SS1,Eurysternus mexicanus,0
CO,CO3_SS1,Eurysternus obliteratus,0
CO,CO3_SS1,Onthophagus aff. anthracinus,0
CO,CO3_SS1,Onthophagus aff. belhorinus,0
CO,CO3_SS1,Onthophagus breviconus,0
CO,CO3_SS1,Onthophagus cyanellus,2
CO,CO3_SS1,Onthophagus longimanus,0
CO,CO3_SS1,Onthophagus petenensis,0
CO,CO3_SS1,Onthophagus rhinolophus,0
CO,CO3_SS1,Onthophagus sp.nov. aff. subcancer,0
CO,CO3_SS1,Phanaeus endymion,0
CO,CO3_SS2,Copris laeviceps,0
CO,CO3_SS2,Copris lugubris,0
CO,CO3_SS2,Copris nubilosus,18
CO,CO3_SS2,Copris sp.nov.,0
CO,CO3_SS2,Dichotomius annae,0
CO,CO3_SS2,Dichotomius satanas,2
CO,CO3_SS2,Eurysternus foedus,0
CO,CO3_SS2,Eurysternus magnus,1
CO,CO3_SS2,Eurysternus mexicanus,0
CO,CO3_SS2,Eurysternus obliteratus,0
CO,CO3_SS2,Onthophagus aff. anthracinus,0
CO,CO3_SS2,Onthophagus aff. belhorinus,0
CO,CO3_SS2,Onthophagus breviconus,1
CO,CO3_SS2,Onthophagus cyanellus,0
CO,CO3_SS2,Onthophagus longimanus,0
CO,CO3_SS2,Onthophagus petenensis,0
CO,CO3_SS2,Onthophagus rhinolophus,0
CO,CO3_SS2,Onthophagus sp.nov. aff. subcancer,0
CO,CO3_SS2,Phanaeus endymion,0
CO,CO3_SS3,Copris laeviceps,0
CO,CO3_SS3,Copris lugubris,0
CO,CO3_SS3,Copris nubilosus,33
CO,CO3_SS3,Copris sp.nov.,0
CO,CO3_SS3,Dichotomius annae,0
CO,CO3_SS3,Dichotomius satanas,6
CO,CO3_SS3,Eurysternus foedus,0
CO,CO3_SS3,Eurysternus magnus,2
CO,CO3_SS3,Eurysternus mexicanus,0
CO,CO3_SS3,Eurysternus obliteratus,0
CO,CO3_SS3,Onthophagus aff. anthracinus,0
CO,CO3_SS3,Onthophagus aff. belhorinus,0
CO,CO3_SS3,Onthophagus breviconus,0
CO,CO3_SS3,Onthophagus cyanellus,1
CO,CO3_SS3,Onthophagus longimanus,0
CO,CO3_SS3,Onthophagus petenensis,0
CO,CO3_SS3,Onthophagus rhinolophus,0
CO,CO3_SS3,Onthophagus sp.nov. aff. subcancer,0
CO,CO3_SS3,Phanaeus endymion,0
CO,CO3_SS4,Copris laeviceps,0
CO,CO3_SS4,Copris lugubris,0
CO,CO3_SS4,Copris nubilosus,11
CO,CO3_SS4,Copris sp.nov.,0
CO,CO3_SS4,Dichotomius annae,0
CO,CO3_SS4,Dichotomius satanas,2
CO,CO3_SS4,Eurysternus foedus,0
CO,CO3_SS4,Eurysternus magnus,0
CO,CO3_SS4,Eurysternus mexicanus,0
CO,CO3_SS4,Eurysternus obliteratus,0
CO,CO3_SS4,Onthophagus aff. anthracinus,0
CO,CO3_SS4,Onthophagus aff. belhorinus,0
CO,CO3_SS4,Onthophagus breviconus,1
CO,CO3_SS4,Onthophagus cyanellus,0
CO,CO3_SS4,Onthophagus longimanus,0
CO,CO3_SS4,Onthophagus petenensis,0
CO,CO3_SS4,Onthophagus rhinolophus,0
CO,CO3_SS4,Onthophagus sp.nov. aff. subcancer,0
CO,CO3_SS4,Phanaeus endymion,0
CO,CO3_SS5,Copris laeviceps,0
CO,CO3_SS5,Copris lugubris,0
CO,CO3_SS5,Copris nubilosus,25
CO,CO3_SS5,Copris sp.nov.,0
CO,CO3_SS5,Dichotomius annae,0
CO,CO3_SS5,Dichotomius satanas,3
CO,CO3_SS5,Eurysternus foedus,0
CO,CO3_SS5,Eurysternus magnus,2
CO,CO3_SS5,Eurysternus mexicanus,0
CO,CO3_SS5,Eurysternus obliteratus,1
CO,CO3_SS5,Onthophagus aff. anthracinus,0
CO,CO3_SS5,Onthophagus aff. belhorinus,0
CO,CO3_SS5,Onthophagus breviconus,0
CO,CO3_SS5,Onthophagus cyanellus,1
CO,CO3_SS5,Onthophagus longimanus,0
CO,CO3_SS5,Onthophagus petenensis,0
CO,CO3_SS5,Onthophagus rhinolophus,0
CO,CO3_SS5,Onthophagus sp.nov. aff. subcancer,0
CO,CO3_SS5,Phanaeus endymion,0
CO,CO3_SS6,Copris laeviceps,0
CO,CO3_SS6,Copris lugubris,0
CO,CO3_SS6,Copris nubilosus,50
CO,CO3_SS6,Copris sp.nov.,0
CO,CO3_SS6,Dichotomius annae,0
CO,CO3_SS6,Dichotomius satanas,4
CO,CO3_SS6,Eurysternus foedus,0
CO,CO3_SS6,Eurysternus magnus,2
CO,CO3_SS6,Eurysternus mexicanus,0
CO,CO3_SS6,Eurysternus obliteratus,0
CO,CO3_SS6,Onthophagus aff. anthracinus,0
CO,CO3_SS6,Onthophagus aff. belhorinus,0
CO,CO3_SS6,Onthophagus breviconus,0
CO,CO3_SS6,Onthophagus cyanellus,2
CO,CO3_SS6,Onthophagus longimanus,0
CO,CO3_SS6,Onthophagus petenensis,0
CO,CO3_SS6,Onthophagus rhinolophus,0
CO,CO3_SS6,Onthophagus sp.nov. aff. subcancer,0
CO,CO3_SS6,Phanaeus endymion,0
DA,DA0_SS1,Copris laeviceps,0
DA,DA0_SS1,Copris lugubris,0
DA,DA0_SS1,Copris nubilosus,2
DA,DA0_SS1,Copris sp.nov.,5
DA,DA0_SS1,Dichotomius annae,0
DA,DA0_SS1,Dichotomius satanas,2
DA,DA0_SS1,Eurysternus foedus,0
DA,DA0_SS1,Eurysternus magnus,1
DA,DA0_SS1,Eurysternus mexicanus,0
DA,DA0_SS1,Eurysternus obliteratus,0
DA,DA0_SS1,Onthophagus aff. anthracinus,0
DA,DA0_SS1,Onthophagus aff. belhorinus,0
DA,DA0_SS1,Onthophagus breviconus,0
DA,DA0_SS1,Onthophagus cyanellus,1
DA,DA0_SS1,Onthophagus longimanus,0
DA,DA0_SS1,Onthophagus petenensis,0
DA,DA0_SS1,Onthophagus rhinolophus,0
DA,DA0_SS1,Onthophagus sp.nov. aff. subcancer,0
DA,DA0_SS1,Phanaeus endymion,0
DA,DA0_SS2,Copris laeviceps,0
DA,DA0_SS2,Copris lugubris,0
DA,DA0_SS2,Copris nubilosus,4
DA,DA0_SS2,Copris sp.nov.,0
DA,DA0_SS2,Dichotomius annae,0
DA,DA0_SS2,Dichotomius satanas,0
DA,DA0_SS2,Eurysternus foedus,0
DA,DA0_SS2,Eurysternus magnus,2
DA,DA0_SS2,Eurysternus mexicanus,0
DA,DA0_SS2,Eurysternus obliteratus,0
DA,DA0_SS2,Onthophagus aff. anthracinus,0
DA,DA0_SS2,Onthophagus aff. belhorinus,0
DA,DA0_SS2,Onthophagus breviconus,1
DA,DA0_SS2,Onthophagus cyanellus,0
DA,DA0_SS2,Onthophagus longimanus,0
DA,DA0_SS2,Onthophagus petenensis,0
DA,DA0_SS2,Onthophagus rhinolophus,0
DA,DA0_SS2,Onthophagus sp.nov. aff. subcancer,0
DA,DA0_SS2,Phanaeus endymion,0
DA,DA0_SS3,Copris laeviceps,0
DA,DA0_SS3,Copris lugubris,0
DA,DA0_SS3,Copris nubilosus,13
DA,DA0_SS3,Copris sp.nov.,0
DA,DA0_SS3,Dichotomius annae,0
DA,DA0_SS3,Dichotomius satanas,2
DA,DA0_SS3,Eurysternus foedus,0
DA,DA0_SS3,Eurysternus magnus,0
DA,DA0_SS3,Eurysternus mexicanus,0
DA,DA0_SS3,Eurysternus obliteratus,0
DA,DA0_SS3,Onthophagus aff. anthracinus,0
DA,DA0_SS3,Onthophagus aff. belhorinus,0
DA,DA0_SS3,Onthophagus breviconus,0
DA,DA0_SS3,Onthophagus cyanellus,0
DA,DA0_SS3,Onthophagus longimanus,0
DA,DA0_SS3,Onthophagus petenensis,0
DA,DA0_SS3,Onthophagus rhinolophus,0
DA,DA0_SS3,Onthophagus sp.nov. aff. subcancer,0
DA,DA0_SS3,Phanaeus endymion,0
DA,DA0_SS4,Copris laeviceps,0
DA,DA0_SS4,Copris lugubris,0
DA,DA0_SS4,Copris nubilosus,20
DA,DA0_SS4,Copris sp.nov.,0
DA,DA0_SS4,Dichotomius annae,0
DA,DA0_SS4,Dichotomius satanas,2
DA,DA0_SS4,Eurysternus foedus,0
DA,DA0_SS4,Eurysternus magnus,0
DA,DA0_SS4,Eurysternus mexicanus,0
DA,DA0_SS4,Eurysternus obliteratus,0
DA,DA0_SS4,Onthophagus aff. anthracinus,0
DA,DA0_SS4,Onthophagus aff. belhorinus,0
DA,DA0_SS4,Onthophagus breviconus,0
DA,DA0_SS4,Onthophagus cyanellus,0
DA,DA0_SS4,Onthophagus longimanus,0
DA,DA0_SS4,Onthophagus petenensis,0
DA,DA0_SS4,Onthophagus rhinolophus,0
DA,DA0_SS4,Onthophagus sp.nov. aff. subcancer,0
DA,DA0_SS4,Phanaeus endymion,0
DA,DA1_DS2,Copris laeviceps,0
DA,DA1_DS2,Copris lugubris,0
DA,DA1_DS2,Copris nubilosus,28
DA,DA1_DS2,Copris sp.nov.,0
DA,DA1_DS2,Dichotomius annae,0
DA,DA1_DS2,Dichotomius satanas,0
DA,DA1_DS2,Eurysternus foedus,0
DA,DA1_DS2,Eurysternus magnus,1
DA,DA1_DS2,Eurysternus mexicanus,0
DA,DA1_DS2,Eurysternus obliteratus,0
DA,DA1_DS2,Onthophagus aff. anthracinus,0
DA,DA1_DS2,Onthophagus aff. belhorinus,3
DA,DA1_DS2,Onthophagus breviconus,0
DA,DA1_DS2,Onthophagus cyanellus,2
DA,DA1_DS2,Onthophagus longimanus,0
DA,DA1_DS2,Onthophagus petenensis,0
DA,DA1_DS2,Onthophagus rhinolophus,1
DA,DA1_DS2,Onthophagus sp.nov. aff. subcancer,0
DA,DA1_DS2,Phanaeus endymion,0
DA,DA1_SS1,Copris laeviceps,0
DA,DA1_SS1,Copris lugubris,0
DA,DA1_SS1,Copris nubilosus,6
DA,DA1_SS1,Copris sp.nov.,0
DA,DA1_SS1,Dichotomius annae,0
DA,DA1_SS1,Dichotomius satanas,0
DA,DA1_SS1,Eurysternus foedus,0
DA,DA1_SS1,Eurysternus magnus,0
DA,DA1_SS1,Eurysternus mexicanus,0
DA,DA1_SS1,Eurysternus obliteratus,0
DA,DA1_SS1,Onthophagus aff. anthracinus,0
DA,DA1_SS1,Onthophagus aff. belhorinus,0
DA,DA1_SS1,Onthophagus breviconus,0
DA,DA1_SS1,Onthophagus cyanellus,0
DA,DA1_SS1,Onthophagus longimanus,0
DA,DA1_SS1,Onthophagus petenensis,0
DA,DA1_SS1,Onthophagus rhinolophus,0
DA,DA1_SS1,Onthophagus sp.nov. aff. subcancer,0
DA,DA1_SS1,Phanaeus endymion,0
DA,DA1_SS2,Copris laeviceps,0
DA,DA1_SS2,Copris lugubris,0
DA,DA1_SS2,Copris nubilosus,14
DA,DA1_SS2,Copris sp.nov.,0
DA,DA1_SS2,Dichotomius annae,0
DA,DA1_SS2,Dichotomius satanas,2
DA,DA1_SS2,Eurysternus foedus,0
DA,DA1_SS2,Eurysternus magnus,0
DA,DA1_SS2,Eurysternus mexicanus,0
DA,DA1_SS2,Eurysternus obliteratus,0
DA,DA1_SS2,Onthophagus aff. anthracinus,0
DA,DA1_SS2,Onthophagus aff. belhorinus,0
DA,DA1_SS2,Onthophagus breviconus,0
DA,DA1_SS2,Onthophagus cyanellus,1
DA,DA1_SS2,Onthophagus longimanus,0
DA,DA1_SS2,Onthophagus petenensis,0
DA,DA1_SS2,Onthophagus rhinolophus,0
DA,DA1_SS2,Onthophagus sp.nov. aff. subcancer,0
DA,DA1_SS2,Phanaeus endymion,0
DA,DA1_SS3,Copris laeviceps,0
DA,DA1_SS3,Copris lugubris,0
DA,DA1_SS3,Copris nubilosus,38
DA,DA1_SS3,Copris sp.nov.,0
DA,DA1_SS3,Dichotomius annae,0
DA,DA1_SS3,Dichotomius satanas,1
DA,DA1_SS3,Eurysternus foedus,0
DA,DA1_SS3,Eurysternus magnus,0
DA,DA1_SS3,Eurysternus mexicanus,0
DA,DA1_SS3,Eurysternus obliteratus,0
DA,DA1_SS3,Onthophagus aff. anthracinus,0
DA,DA1_SS3,Onthophagus aff. belhorinus,0
DA,DA1_SS3,Onthophagus breviconus,0
DA,DA1_SS3,Onthophagus cyanellus,1
DA,DA1_SS3,Onthophagus longimanus,0
DA,DA1_SS3,Onthophagus petenensis,0
DA,DA1_SS3,Onthophagus rhinolophus,0
DA,DA1_SS3,Onthophagus sp.nov. aff. subcancer,0
DA,DA1_SS3,Phanaeus endymion,0
DA,DA1_SS4,Copris laeviceps,0
DA,DA1_SS4,Copris lugubris,0
DA,DA1_SS4,Copris nubilosus,7
DA,DA1_SS4,Copris sp.nov.,0
DA,DA1_SS4,Dichotomius annae,0
DA,DA1_SS4,Dichotomius satanas,0
DA,DA1_SS4,Eurysternus foedus,0
DA,DA1_SS4,Eurysternus magnus,2
DA,DA1_SS4,Eurysternus mexicanus,0
DA,DA1_SS4,Eurysternus obliteratus,0
DA,DA1_SS4,Onthophagus aff. anthracinus,2
DA,DA1_SS4,Onthophagus aff. belhorinus,0
DA,DA1_SS4,Onthophagus breviconus,0
DA,DA1_SS4,Onthophagus cyanellus,2
DA,DA1_SS4,Onthophagus longimanus,0
DA,DA1_SS4,Onthophagus petenensis,0
DA,DA1_SS4,Onthophagus rhinolophus,0
DA,DA1_SS4,Onthophagus sp.nov. aff. subcancer,0
DA,DA1_SS4,Phanaeus endymion,0
DA,DA1_SS5,Copris laeviceps,0
DA,DA1_SS5,Copris lugubris,0
DA,DA1_SS5,Copris nubilosus,110
DA,DA1_SS5,Copris sp.nov.,0
DA,DA1_SS5,Dichotomius annae,0
DA,DA1_SS5,Dichotomius satanas,1
DA,DA1_SS5,Eurysternus foedus,0
DA,DA1_SS5,Eurysternus magnus,0
DA,DA1_SS5,Eurysternus mexicanus,0
DA,DA1_SS5,Eurysternus obliteratus,0
DA,DA1_SS5,Onthophagus aff. anthracinus,0
DA,DA1_SS5,Onthophagus aff. belhorinus,0
DA,DA1_SS5,Onthophagus breviconus,0
DA,DA1_SS5,Onthophagus cyanellus,2
DA,DA1_SS5,Onthophagus longimanus,0
DA,DA1_SS5,Onthophagus petenensis,0
DA,DA1_SS5,Onthophagus rhinolophus,0
DA,DA1_SS5,Onthophagus sp.nov. aff. subcancer,0
DA,DA1_SS5,Phanaeus endymion,0
DA,DA1_SS6,Copris laeviceps,0
DA,DA1_SS6,Copris lugubris,0
DA,DA1_SS6,Copris nubilosus,65
DA,DA1_SS6,Copris sp.nov.,0
DA,DA1_SS6,Dichotomius annae,0
DA,DA1_SS6,Dichotomius satanas,4
DA,DA1_SS6,Eurysternus foedus,0
DA,DA1_SS6,Eurysternus magnus,0
DA,DA1_SS6,Eurysternus mexicanus,0
DA,DA1_SS6,Eurysternus obliteratus,0
DA,DA1_SS6,Onthophagus aff. anthracinus,0
DA,DA1_SS6,Onthophagus aff. belhorinus,1
DA,DA1_SS6,Onthophagus breviconus,1
DA,DA1_SS6,Onthophagus cyanellus,2
DA,DA1_SS6,Onthophagus longimanus,0
DA,DA1_SS6,Onthophagus petenensis,0
DA,DA1_SS6,Onthophagus rhinolophus,0
DA,DA1_SS6,Onthophagus sp.nov. aff. subcancer,0
DA,DA1_SS6,Phanaeus endymion,0
DA,DA2_DS1,Copris laeviceps,0
DA,DA2_DS1,Copris lugubris,0
DA,DA2_DS1,Copris nubilosus,24
DA,DA2_DS1,Copris sp.nov.,0
DA,DA2_DS1,Dichotomius annae,0
DA,DA2_DS1,Dichotomius satanas,2
DA,DA2_DS1,Eurysternus foedus,0
DA,DA2_DS1,Eurysternus magnus,0
DA,DA2_DS1,Eurysternus mexicanus,0
DA,DA2_DS1,Eurysternus obliteratus,0
DA,DA2_DS1,Onthophagus aff. anthracinus,0
DA,DA2_DS1,Onthophagus aff. belhorinus,3
DA,DA2_DS1,Onthophagus breviconus,0
DA,DA2_DS1,Onthophagus cyanellus,1
DA,DA2_DS1,Onthophagus longimanus,0
DA,DA2_DS1,Onthophagus petenensis,0
DA,DA2_DS1,Onthophagus rhinolophus,0
DA,DA2_DS1,Onthophagus sp.nov. aff. subcancer,0
DA,DA2_DS1,Phanaeus endymion,0
DA,DA2_SS2,Copris laeviceps,0
DA,DA2_SS2,Copris lugubris,0
DA,DA2_SS2,Copris nubilosus,10
DA,DA2_SS2,Copris sp.nov.,0
DA,DA2_SS2,Dichotomius annae,0
DA,DA2_SS2,Dichotomius satanas,2
DA,DA2_SS2,Eurysternus foedus,0
DA,DA2_SS2,Eurysternus magnus,1
DA,DA2_SS2,Eurysternus mexicanus,0
DA,DA2_SS2,Eurysternus obliteratus,0
DA,DA2_SS2,Onthophagus aff. anthracinus,0
DA,DA2_SS2,Onthophagus aff. belhorinus,0
DA,DA2_SS2,Onthophagus breviconus,0
DA,DA2_SS2,Onthophagus cyanellus,0
DA,DA2_SS2,Onthophagus longimanus,0
DA,DA2_SS2,Onthophagus petenensis,0
DA,DA2_SS2,Onthophagus rhinolophus,0
DA,DA2_SS2,Onthophagus sp.nov. aff. subcancer,0
DA,DA2_SS2,Phanaeus endymion,0
DA,DA2_SS3,Copris laeviceps,0
DA,DA2_SS3,Copris lugubris,0
DA,DA2_SS3,Copris nubilosus,34
DA,DA2_SS3,Copris sp.nov.,0
DA,DA2_SS3,Dichotomius annae,0
DA,DA2_SS3,Dichotomius satanas,10
DA,DA2_SS3,Eurysternus foedus,0
DA,DA2_SS3,Eurysternus magnus,1
DA,DA2_SS3,Eurysternus mexicanus,0
DA,DA2_SS3,Eurysternus obliteratus,0
DA,DA2_SS3,Onthophagus aff. anthracinus,0
DA,DA2_SS3,Onthophagus aff. belhorinus,0
DA,DA2_SS3,Onthophagus breviconus,0
DA,DA2_SS3,Onthophagus cyanellus,1
DA,DA2_SS3,Onthophagus longimanus,0
DA,DA2_SS3,Onthophagus petenensis,0
DA,DA2_SS3,Onthophagus rhinolophus,0
DA,DA2_SS3,Onthophagus sp.nov. aff. subcancer,0
DA,DA2_SS3,Phanaeus endymion,0
DA,DA2_SS4,Copris laeviceps,0
DA,DA2_SS4,Copris lugubris,0
DA,DA2_SS4,Copris nubilosus,27
DA,DA2_SS4,Copris sp.nov.,0
DA,DA2_SS4,Dichotomius annae,0
DA,DA2_SS4,Dichotomius satanas,8
DA,DA2_SS4,Eurysternus foedus,0
DA,DA2_SS4,Eurysternus magnus,2
DA,DA2_SS4,Eurysternus mexicanus,0
DA,DA2_SS4,Eurysternus obliteratus,0
DA,DA2_SS4,Onthophagus aff. anthracinus,0
DA,DA2_SS4,Onthophagus aff. belhorinus,0
DA,DA2_SS4,Onthophagus breviconus,0
DA,DA2_SS4,Onthophagus cyanellus,0
DA,DA2_SS4,Onthophagus longimanus,0
DA,DA2_SS4,Onthophagus petenensis,0
DA,DA2_SS4,Onthophagus rhinolophus,0
DA,DA2_SS4,Onthophagus sp.nov. aff. subcancer,0
DA,DA2_SS4,Phanaeus endymion,0
DA,DA4_DS2,Copris laeviceps,0
DA,DA4_DS2,Copris lugubris,0
DA,DA4_DS2,Copris nubilosus,6
DA,DA4_DS2,Copris sp.nov.,0
DA,DA4_DS2,Dichotomius annae,0
DA,DA4_DS2,Dichotomius satanas,0
DA,DA4_DS2,Eurysternus foedus,0
DA,DA4_DS2,Eurysternus magnus,0
DA,DA4_DS2,Eurysternus mexicanus,0
DA,DA4_DS2,Eurysternus obliteratus,0
DA,DA4_DS2,Onthophagus aff. anthracinus,0
DA,DA4_DS2,Onthophagus aff. belhorinus,1
DA,DA4_DS2,Onthophagus breviconus,0
DA,DA4_DS2,Onthophagus cyanellus,0
DA,DA4_DS2,Onthophagus longimanus,0
DA,DA4_DS2,Onthophagus petenensis,0
DA,DA4_DS2,Onthophagus rhinolophus,1
DA,DA4_DS2,Onthophagus sp.nov. aff. subcancer,0
DA,DA4_DS2,Phanaeus endymion,0
DA,DA4_DS3,Copris laeviceps,0
DA,DA4_DS3,Copris lugubris,0
DA,DA4_DS3,Copris nubilosus,2
DA,DA4_DS3,Copris sp.nov.,0
DA,DA4_DS3,Dichotomius annae,0
DA,DA4_DS3,Dichotomius satanas,0
DA,DA4_DS3,Eurysternus foedus,0
DA,DA4_DS3,Eurysternus magnus,2
DA,DA4_DS3,Eurysternus mexicanus,0
DA,DA4_DS3,Eurysternus obliteratus,0
DA,DA4_DS3,Onthophagus aff. anthracinus,0
DA,DA4_DS3,Onthophagus aff. belhorinus,3
DA,DA4_DS3,Onthophagus breviconus,0
DA,DA4_DS3,Onthophagus cyanellus,0
DA,DA4_DS3,Onthophagus longimanus,0
DA,DA4_DS3,Onthophagus petenensis,0
DA,DA4_DS3,Onthophagus rhinolophus,0
DA,DA4_DS3,Onthophagus sp.nov. aff. subcancer,0
DA,DA4_DS3,Phanaeus endymion,0
DA,DA4_DS4,Copris laeviceps,0
DA,DA4_DS4,Copris lugubris,0
DA,DA4_DS4,Copris nubilosus,5
DA,DA4_DS4,Copris sp.nov.,0
DA,DA4_DS4,Dichotomius annae,0
DA,DA4_DS4,Dichotomius satanas,0
DA,DA4_DS4,Eurysternus foedus,0
DA,DA4_DS4,Eurysternus magnus,0
DA,DA4_DS4,Eurysternus mexicanus,0
DA,DA4_DS4,Eurysternus obliteratus,0
DA,DA4_DS4,Onthophagus aff. anthracinus,0
DA,DA4_DS4,Onthophagus aff. belhorinus,1
DA,DA4_DS4,Onthophagus breviconus,0
DA,DA4_DS4,Onthophagus cyanellus,0
DA,DA4_DS4,Onthophagus longimanus,0
DA,DA4_DS4,Onthophagus petenensis,0
DA,DA4_DS4,Onthophagus rhinolophus,0
DA,DA4_DS4,Onthophagus sp.nov. aff. subcancer,0
DA,DA4_DS4,Phanaeus endymion,0
DA,DA4_SS1,Copris laeviceps,0
DA,DA4_SS1,Copris lugubris,0
DA,DA4_SS1,Copris nubilosus,8
DA,DA4_SS1,Copris sp.nov.,0
DA,DA4_SS1,Dichotomius annae,0
DA,DA4_SS1,Dichotomius satanas,2
DA,DA4_SS1,Eurysternus foedus,0
DA,DA4_SS1,Eurysternus magnus,1
DA,DA4_SS1,Eurysternus mexicanus,0
DA,DA4_SS1,Eurysternus obliteratus,0
DA,DA4_SS1,Onthophagus aff. anthracinus,0
DA,DA4_SS1,Onthophagus aff. belhorinus,0
DA,DA4_SS1,Onthophagus breviconus,0
DA,DA4_SS1,Onthophagus cyanellus,0
DA,DA4_SS1,Onthophagus longimanus,0
DA,DA4_SS1,Onthophagus petenensis,0
DA,DA4_SS1,Onthophagus rhinolophus,0
DA,DA4_SS1,Onthophagus sp.nov. aff. subcancer,0
DA,DA4_SS1,Phanaeus endymion,0
GU,GU1_SS1,Copris laeviceps,0
GU,GU1_SS1,Copris lugubris,0
GU,GU1_SS1,Copris nubilosus,8
GU,GU1_SS1,Copris sp.nov.,0
GU,GU1_SS1,Dichotomius annae,0
GU,GU1_SS1,Dichotomius satanas,6
GU,GU1_SS1,Eurysternus foedus,0
GU,GU1_SS1,Eurysternus magnus,0
GU,GU1_SS1,Eurysternus mexicanus,0
GU,GU1_SS1,Eurysternus obliteratus,0
GU,GU1_SS1,Onthophagus aff. anthracinus,0
GU,GU1_SS1,Onthophagus aff. belhorinus,0
GU,GU1_SS1,Onthophagus breviconus,1
GU,GU1_SS1,Onthophagus cyanellus,0
GU,GU1_SS1,Onthophagus longimanus,0
GU,GU1_SS1,Onthophagus petenensis,0
GU,GU1_SS1,Onthophagus rhinolophus,0
GU,GU1_SS1,Onthophagus sp.nov. aff. subcancer,0
GU,GU1_SS1,Phanaeus endymion,0
GU,GU1_SS2,Copris laeviceps,0
GU,GU1_SS2,Copris lugubris,0
GU,GU1_SS2,Copris nubilosus,8
GU,GU1_SS2,Copris sp.nov.,0
GU,GU1_SS2,Dichotomius annae,0
GU,GU1_SS2,Dichotomius satanas,14
GU,GU1_SS2,Eurysternus foedus,0
GU,GU1_SS2,Eurysternus magnus,1
GU,GU1_SS2,Eurysternus mexicanus,0
GU,GU1_SS2,Eurysternus obliteratus,0
GU,GU1_SS2,Onthophagus aff. anthracinus,0
GU,GU1_SS2,Onthophagus aff. belhorinus,0
GU,GU1_SS2,Onthophagus breviconus,1
GU,GU1_SS2,Onthophagus cyanellus,0
GU,GU1_SS2,Onthophagus longimanus,0
GU,GU1_SS2,Onthophagus petenensis,0
GU,GU1_SS2,Onthophagus rhinolophus,0
GU,GU1_SS2,Onthophagus sp.nov. aff. subcancer,0
GU,GU1_SS2,Phanaeus endymion,0
GU,GU1_SS3,Copris laeviceps,0
GU,GU1_SS3,Copris lugubris,0
GU,GU1_SS3,Copris nubilosus,10
GU,GU1_SS3,Copris sp.nov.,0
GU,GU1_SS3,Dichotomius annae,0
GU,GU1_SS3,Dichotomius satanas,10
GU,GU1_SS3,Eurysternus foedus,0
GU,GU1_SS3,Eurysternus magnus,0
GU,GU1_SS3,Eurysternus mexicanus,0
GU,GU1_SS3,Eurysternus obliteratus,0
GU,GU1_SS3,Onthophagus aff. anthracinus,0
GU,GU1_SS3,Onthophagus aff. belhorinus,0
GU,GU1_SS3,Onthophagus breviconus,0
GU,GU1_SS3,Onthophagus cyanellus,0
GU,GU1_SS3,Onthophagus longimanus,0
GU,GU1_SS3,Onthophagus petenensis,0
GU,GU1_SS3,Onthophagus rhinolophus,0
GU,GU1_SS3,Onthophagus sp.nov. aff. subcancer,0
GU,GU1_SS3,Phanaeus endymion,0
GU,GU1_SS4,Copris laeviceps,0
GU,GU1_SS4,Copris lugubris,0
GU,GU1_SS4,Copris nubilosus,4
GU,GU1_SS4,Copris sp.nov.,0
GU,GU1_SS4,Dichotomius annae,0
GU,GU1_SS4,Dichotomius satanas,1
GU,GU1_SS4,Eurysternus foedus,0
GU,GU1_SS4,Eurysternus magnus,1
GU,GU1_SS4,Eurysternus mexicanus,0
GU,GU1_SS4,Eurysternus obliteratus,0
GU,GU1_SS4,Onthophagus aff. anthracinus,0
GU,GU1_SS4,Onthophagus aff. belhorinus,0
GU,GU1_SS4,Onthophagus breviconus,0
GU,GU1_SS4,Onthophagus cyanellus,4
GU,GU1_SS4,Onthophagus longimanus,0
GU,GU1_SS4,Onthophagus petenensis,0
GU,GU1_SS4,Onthophagus rhinolophus,0
GU,GU1_SS4,Onthophagus sp.nov. aff. subcancer,0
GU,GU1_SS4,Phanaeus endymion,0
GU,GU1_SS5,Copris laeviceps,0
GU,GU1_SS5,Copris lugubris,0
GU,GU1_SS5,Copris nubilosus,9
GU,GU1_SS5,Copris sp.nov.,0
GU,GU1_SS5,Dichotomius annae,0
GU,GU1_SS5,Dichotomius satanas,0
GU,GU1_SS5,Eurysternus foedus,0
GU,GU1_SS5,Eurysternus magnus,0
GU,GU1_SS5,Eurysternus mexicanus,0
GU,GU1_SS5,Eurysternus obliteratus,0
GU,GU1_SS5,Onthophagus aff. anthracinus,0
GU,GU1_SS5,Onthophagus aff. belhorinus,0
GU,GU1_SS5,Onthophagus breviconus,0
GU,GU1_SS5,Onthophagus cyanellus,0
GU,GU1_SS5,Onthophagus longimanus,0
GU,GU1_SS5,Onthophagus petenensis,0
GU,GU1_SS5,Onthophagus rhinolophus,0
GU,GU1_SS5,Onthophagus sp.nov. aff. subcancer,0
GU,GU1_SS5,Phanaeus endymion,0
GU,GU1_SS6,Copris laeviceps,0
GU,GU1_SS6,Copris lugubris,0
GU,GU1_SS6,Copris nubilosus,9
GU,GU1_SS6,Copris sp.nov.,0
GU,GU1_SS6,Dichotomius annae,0
GU,GU1_SS6,Dichotomius satanas,0
GU,GU1_SS6,Eurysternus foedus,0
GU,GU1_SS6,Eurysternus magnus,0
GU,GU1_SS6,Eurysternus mexicanus,0
GU,GU1_SS6,Eurysternus obliteratus,0
GU,GU1_SS6,Onthophagus aff. anthracinus,0
GU,GU1_SS6,Onthophagus aff. belhorinus,0
GU,GU1_SS6,Onthophagus breviconus,0
GU,GU1_SS6,Onthophagus cyanellus,0
GU,GU1_SS6,Onthophagus longimanus,0
GU,GU1_SS6,Onthophagus petenensis,0
GU,GU1_SS6,Onthophagus rhinolophus,0
GU,GU1_SS6,Onthophagus sp.nov. aff. subcancer,1
GU,GU1_SS6,Phanaeus endymion,0
GU,GU1_SS7,Copris laeviceps,0
GU,GU1_SS7,Copris lugubris,0
GU,GU1_SS7,Copris nubilosus,9
GU,GU1_SS7,Copris sp.nov.,0
GU,GU1_SS7,Dichotomius annae,0
GU,GU1_SS7,Dichotomius satanas,0
GU,GU1_SS7,Eurysternus foedus,0
GU,GU1_SS7,Eurysternus magnus,1
GU,GU1_SS7,Eurysternus mexicanus,0
GU,GU1_SS7,Eurysternus obliteratus,0
GU,GU1_SS7,Onthophagus aff. anthracinus,0
GU,GU1_SS7,Onthophagus aff. belhorinus,0
GU,GU1_SS7,Onthophagus breviconus,0
GU,GU1_SS7,Onthophagus cyanellus,0
GU,GU1_SS7,Onthophagus longimanus,0
GU,GU1_SS7,Onthophagus petenensis,0
GU,GU1_SS7,Onthophagus rhinolophus,0
GU,GU1_SS7,Onthophagus sp.nov. aff. subcancer,1
GU,GU1_SS7,Phanaeus endymion,0
GU,GU1_SS8,Copris laeviceps,0
GU,GU1_SS8,Copris lugubris,0
GU,GU1_SS8,Copris nubilosus,7
GU,GU1_SS8,Copris sp.nov.,0
GU,GU1_SS8,Dichotomius annae,0
GU,GU1_SS8,Dichotomius satanas,0
GU,GU1_SS8,Eurysternus foedus,0
GU,GU1_SS8,Eurysternus magnus,0
GU,GU1_SS8,Eurysternus mexicanus,0
GU,GU1_SS8,Eurysternus obliteratus,0
GU,GU1_SS8,Onthophagus aff. anthracinus,0
GU,GU1_SS8,Onthophagus aff. belhorinus,0
GU,GU1_SS8,Onthophagus breviconus,0
GU,GU1_SS8,Onthophagus cyanellus,0
GU,GU1_SS8,Onthophagus longimanus,0
GU,GU1_SS8,Onthophagus petenensis,0
GU,GU1_SS8,Onthophagus rhinolophus,0
GU,GU1_SS8,Onthophagus sp.nov. aff. subcancer,7
GU,GU1_SS8,Phanaeus endymion,0
GU,GU2_SS1,Copris laeviceps,0
GU,GU2_SS1,Copris lugubris,0
GU,GU2_SS1,Copris nubilosus,2
GU,GU2_SS1,Copris sp.nov.,0
GU,GU2_SS1,Dichotomius annae,0
GU,GU2_SS1,Dichotomius satanas,12
GU,GU2_SS1,Eurysternus foedus,0
GU,GU2_SS1,Eurysternus magnus,9
GU,GU2_SS1,Eurysternus mexicanus,0
GU,GU2_SS1,Eurysternus obliteratus,0
GU,GU2_SS1,Onthophagus aff. anthracinus,0
GU,GU2_SS1,Onthophagus aff. belhorinus,0
GU,GU2_SS1,Onthophagus breviconus,0
GU,GU2_SS1,Onthophagus cyanellus,2
GU,GU2_SS1,Onthophagus longimanus,0
GU,GU2_SS1,Onthophagus petenensis,0
GU,GU2_SS1,Onthophagus rhinolophus,0
GU,GU2_SS1,Onthophagus sp.nov. aff. subcancer,0
GU,GU2_SS1,Phanaeus endymion,0
GU,GU2_SS2,Copris laeviceps,0
GU,GU2_SS2,Copris lugubris,0
GU,GU2_SS2,Copris nubilosus,1
GU,GU2_SS2,Copris sp.nov.,0
GU,GU2_SS2,Dichotomius annae,0
GU,GU2_SS2,Dichotomius satanas,6
GU,GU2_SS2,Eurysternus foedus,0
GU,GU2_SS2,Eurysternus magnus,5
GU,GU2_SS2,Eurysternus mexicanus,0
GU,GU2_SS2,Eurysternus obliteratus,0
GU,GU2_SS2,Onthophagus aff. anthracinus,0
GU,GU2_SS2,Onthophagus aff. belhorinus,0
GU,GU2_SS2,Onthophagus breviconus,0
GU,GU2_SS2,Onthophagus cyanellus,2
GU,GU2_SS2,Onthophagus longimanus,0
GU,GU2_SS2,Onthophagus petenensis,0
GU,GU2_SS2,Onthophagus rhinolophus,0
GU,GU2_SS2,Onthophagus sp.nov. aff. subcancer,0
GU,GU2_SS2,Phanaeus endymion,0
GU,GU2_SS3,Copris laeviceps,0
GU,GU2_SS3,Copris lugubris,0
GU,GU2_SS3,Copris nubilosus,1
GU,GU2_SS3,Copris sp.nov.,0
GU,GU2_SS3,Dichotomius annae,0
GU,GU2_SS3,Dichotomius satanas,2
GU,GU2_SS3,Eurysternus foedus,0
GU,GU2_SS3,Eurysternus magnus,1
GU,GU2_SS3,Eurysternus mexicanus,0
GU,GU2_SS3,Eurysternus obliteratus,0
GU,GU2_SS3,Onthophagus aff. anthracinus,0
GU,GU2_SS3,Onthophagus aff. belhorinus,0
GU,GU2_SS3,Onthophagus breviconus,0
GU,GU2_SS3,Onthophagus cyanellus,0
GU,GU2_SS3,Onthophagus longimanus,0
GU,GU2_SS3,Onthophagus petenensis,0
GU,GU2_SS3,Onthophagus rhinolophus,0
GU,GU2_SS3,Onthophagus sp.nov. aff. subcancer,0
GU,GU2_SS3,Phanaeus endymion,0
GU,GU2_SS4,Copris laeviceps,0
GU,GU2_SS4,Copris lugubris,0
GU,GU2_SS4,Copris nubilosus,3
GU,GU2_SS4,Copris sp.nov.,0
GU,GU2_SS4,Dichotomius annae,0
GU,GU2_SS4,Dichotomius satanas,5
GU,GU2_SS4,Eurysternus foedus,0
GU,GU2_SS4,Eurysternus magnus,3
GU,GU2_SS4,Eurysternus mexicanus,0
GU,GU2_SS4,Eurysternus obliteratus,0
GU,GU2_SS4,Onthophagus aff. anthracinus,0
GU,GU2_SS4,Onthophagus aff. belhorinus,0
GU,GU2_SS4,Onthophagus breviconus,0
GU,GU2_SS4,Onthophagus cyanellus,2
GU,GU2_SS4,Onthophagus longimanus,0
GU,GU2_SS4,Onthophagus petenensis,0
GU,GU2_SS4,Onthophagus rhinolophus,0
GU,GU2_SS4,Onthophagus sp.nov. aff. subcancer,0
GU,GU2_SS4,Phanaeus endymion,0
GU,GU2_SS5,Copris laeviceps,0
GU,GU2_SS5,Copris lugubris,0
GU,GU2_SS5,Copris nubilosus,5
GU,GU2_SS5,Copris sp.nov.,0
GU,GU2_SS5,Dichotomius annae,0
GU,GU2_SS5,Dichotomius satanas,4
GU,GU2_SS5,Eurysternus foedus,0
GU,GU2_SS5,Eurysternus magnus,2
GU,GU2_SS5,Eurysternus mexicanus,0
GU,GU2_SS5,Eurysternus obliteratus,0
GU,GU2_SS5,Onthophagus aff. anthracinus,0
GU,GU2_SS5,Onthophagus aff. belhorinus,0
GU,GU2_SS5,Onthophagus breviconus,0
GU,GU2_SS5,Onthophagus cyanellus,2
GU,GU2_SS5,Onthophagus longimanus,0
GU,GU2_SS5,Onthophagus petenensis,0
GU,GU2_SS5,Onthophagus rhinolophus,0
GU,GU2_SS5,Onthophagus sp.nov. aff. subcancer,0
GU,GU2_SS5,Phanaeus endymion,0
GU,GU2_SS6,Copris laeviceps,0
GU,GU2_SS6,Copris lugubris,0
GU,GU2_SS6,Copris nubilosus,1
GU,GU2_SS6,Copris sp.nov.,0
GU,GU2_SS6,Dichotomius annae,0
GU,GU2_SS6,Dichotomius satanas,5
GU,GU2_SS6,Eurysternus foedus,0
GU,GU2_SS6,Eurysternus magnus,2
GU,GU2_SS6,Eurysternus mexicanus,0
GU,GU2_SS6,Eurysternus obliteratus,0
GU,GU2_SS6,Onthophagus aff. anthracinus,0
GU,GU2_SS6,Onthophagus aff. belhorinus,0
GU,GU2_SS6,Onthophagus breviconus,0
GU,GU2_SS6,Onthophagus cyanellus,8
GU,GU2_SS6,Onthophagus longimanus,0
GU,GU2_SS6,Onthophagus petenensis,0
GU,GU2_SS6,Onthophagus rhinolophus,0
GU,GU2_SS6,Onthophagus sp.nov. aff. subcancer,0
GU,GU2_SS6,Phanaeus endymion,0
GU,GU2_SS7,Copris laeviceps,0
GU,GU2_SS7,Copris lugubris,0
GU,GU2_SS7,Copris nubilosus,1
GU,GU2_SS7,Copris sp.nov.,0
GU,GU2_SS7,Dichotomius annae,0
GU,GU2_SS7,Dichotomius satanas,3
GU,GU2_SS7,Eurysternus foedus,0
GU,GU2_SS7,Eurysternus magnus,1
GU,GU2_SS7,Eurysternus mexicanus,0
GU,GU2_SS7,Eurysternus obliteratus,0
GU,GU2_SS7,Onthophagus aff. anthracinus,0
GU,GU2_SS7,Onthophagus aff. belhorinus,0
GU,GU2_SS7,Onthophagus breviconus,0
GU,GU2_SS7,Onthophagus cyanellus,7
GU,GU2_SS7,Onthophagus longimanus,0
GU,GU2_SS7,Onthophagus petenensis,0
GU,GU2_SS7,Onthophagus rhinolophus,0
GU,GU2_SS7,Onthophagus sp.nov. aff. subcancer,0
GU,GU2_SS7,Phanaeus endymion,0
GU,GU2_SS8,Copris laeviceps,0
GU,GU2_SS8,Copris lugubris,0
GU,GU2_SS8,Copris nubilosus,2
GU,GU2_SS8,Copris sp.nov.,0
GU,GU2_SS8,Dichotomius annae,0
GU,GU2_SS8,Dichotomius satanas,1
GU,GU2_SS8,Eurysternus foedus,0
GU,GU2_SS8,Eurysternus magnus,3
GU,GU2_SS8,Eurysternus mexicanus,0
GU,GU2_SS8,Eurysternus obliteratus,0
GU,GU2_SS8,Onthophagus aff. anthracinus,1
GU,GU2_SS8,Onthophagus aff. belhorinus,0
GU,GU2_SS8,Onthophagus breviconus,0
GU,GU2_SS8,Onthophagus cyanellus,24
GU,GU2_SS8,Onthophagus longimanus,0
GU,GU2_SS8,Onthophagus petenensis,0
GU,GU2_SS8,Onthophagus rhinolophus,0
GU,GU2_SS8,Onthophagus sp.nov. aff. subcancer,0
GU,GU2_SS8,Phanaeus endymion,0
GU,GU3_SS1,Copris laeviceps,0
GU,GU3_SS1,Copris lugubris,0
GU,GU3_SS1,Copris nubilosus,4
GU,GU3_SS1,Copris sp.nov.,0
GU,GU3_SS1,Dichotomius annae,0
GU,GU3_SS1,Dichotomius satanas,10
GU,GU3_SS1,Eurysternus foedus,0
GU,GU3_SS1,Eurysternus magnus,2
GU,GU3_SS1,Eurysternus mexicanus,0
GU,GU3_SS1,Eurysternus obliteratus,0
GU,GU3_SS1,Onthophagus aff. anthracinus,0
GU,GU3_SS1,Onthophagus aff. belhorinus,0
GU,GU3_SS1,Onthophagus breviconus,0
GU,GU3_SS1,Onthophagus cyanellus,0
GU,GU3_SS1,Onthophagus longimanus,0
GU,GU3_SS1,Onthophagus petenensis,0
GU,GU3_SS1,Onthophagus rhinolophus,0
GU,GU3_SS1,Onthophagus sp.nov. aff. subcancer,0
GU,GU3_SS1,Phanaeus endymion,0
GU,GU3_SS2,Copris laeviceps,0
GU,GU3_SS2,Copris lugubris,0
GU,GU3_SS2,Copris nubilosus,8
GU,GU3_SS2,Copris sp.nov.,0
GU,GU3_SS2,Dichotomius annae,1
GU,GU3_SS2,Dichotomius satanas,21
GU,GU3_SS2,Eurysternus foedus,0
GU,GU3_SS2,Eurysternus magnus,8
GU,GU3_SS2,Eurysternus mexicanus,0
GU,GU3_SS2,Eurysternus obliteratus,0
GU,GU3_SS2,Onthophagus aff. anthracinus,0
GU,GU3_SS2,Onthophagus aff. belhorinus,0
GU,GU3_SS2,Onthophagus breviconus,2
GU,GU3_SS2,Onthophagus cyanellus,1
GU,GU3_SS2,Onthophagus longimanus,0
GU,GU3_SS2,Onthophagus petenensis,0
GU,GU3_SS2,Onthophagus rhinolophus,0
GU,GU3_SS2,Onthophagus sp.nov. aff. subcancer,0
GU,GU3_SS2,Phanaeus endymion,1
GU,GU4_SS1,Copris laeviceps,0
GU,GU4_SS1,Copris lugubris,0
GU,GU4_SS1,Copris nubilosus,2
GU,GU4_SS1,Copris sp.nov.,0
GU,GU4_SS1,Dichotomius annae,0
GU,GU4_SS1,Dichotomius satanas,7
GU,GU4_SS1,Eurysternus foedus,0
GU,GU4_SS1,Eurysternus magnus,2
GU,GU4_SS1,Eurysternus mexicanus,0
GU,GU4_SS1,Eurysternus obliteratus,0
GU,GU4_SS1,Onthophagus aff. anthracinus,0
GU,GU4_SS1,Onthophagus aff. belhorinus,0
GU,GU4_SS1,Onthophagus breviconus,0
GU,GU4_SS1,Onthophagus cyanellus,0
GU,GU4_SS1,Onthophagus longimanus,0
GU,GU4_SS1,Onthophagus petenensis,0
GU,GU4_SS1,Onthophagus rhinolophus,0
GU,GU4_SS1,Onthophagus sp.nov. aff. subcancer,0
GU,GU4_SS1,Phanaeus endymion,0
GU,GU4_SS2,Copris laeviceps,0
GU,GU4_SS2,Copris lugubris,0
GU,GU4_SS2,Copris nubilosus,2
GU,GU4_SS2,Copris sp.nov.,0
GU,GU4_SS2,Dichotomius annae,0
GU,GU4_SS2,Dichotomius satanas,8
GU,GU4_SS2,Eurysternus foedus,0
GU,GU4_SS2,Eurysternus magnus,4
GU,GU4_SS2,Eurysternus mexicanus,0
GU,GU4_SS2,Eurysternus obliteratus,0
GU,GU4_SS2,Onthophagus aff. anthracinus,0
GU,GU4_SS2,Onthophagus aff. belhorinus,0
GU,GU4_SS2,Onthophagus breviconus,0
GU,GU4_SS2,Onthophagus cyanellus,0
GU,GU4_SS2,Onthophagus longimanus,0
GU,GU4_SS2,Onthophagus petenensis,0
GU,GU4_SS2,Onthophagus rhinolophus,0
GU,GU4_SS2,Onthophagus sp.nov. aff. subcancer,0
GU,GU4_SS2,Phanaeus endymion,0
GU,GU4_SS3,Copris laeviceps,0
GU,GU4_SS3,Copris lugubris,0
GU,GU4_SS3,Copris nubilosus,2
GU,GU4_SS3,Copris sp.nov.,0
GU,GU4_SS3,Dichotomius annae,0
GU,GU4_SS3,Dichotomius satanas,6
GU,GU4_SS3,Eurysternus foedus,0
GU,GU4_SS3,Eurysternus magnus,4
GU,GU4_SS3,Eurysternus mexicanus,0
GU,GU4_SS3,Eurysternus obliteratus,0
GU,GU4_SS3,Onthophagus aff. anthracinus,0
GU,GU4_SS3,Onthophagus aff. belhorinus,0
GU,GU4_SS3,Onthophagus breviconus,1
GU,GU4_SS3,Onthophagus cyanellus,0
GU,GU4_SS3,Onthophagus longimanus,0
GU,GU4_SS3,Onthophagus petenensis,0
GU,GU4_SS3,Onthophagus rhinolophus,0
GU,GU4_SS3,Onthophagus sp.nov. aff. subcancer,0
GU,GU4_SS3,Phanaeus endymion,0
ST,ST1A_SS1,Copris laeviceps,1
ST,ST1A_SS1,Copris lugubris,2
ST,ST1A_SS1,Copris nubilosus,0
ST,ST1A_SS1,Copris sp.nov.,0
ST,ST1A_SS1,Dichotomius annae,11
ST,ST1A_SS1,Dichotomius satanas,4
ST,ST1A_SS1,Eurysternus foedus,0
ST,ST1A_SS1,Eurysternus magnus,0
ST,ST1A_SS1,Eurysternus mexicanus,6
ST,ST1A_SS1,Eurysternus obliteratus,0
ST,ST1A_SS1,Onthophagus aff. anthracinus,0
ST,ST1A_SS1,Onthophagus aff. belhorinus,0
ST,ST1A_SS1,Onthophagus breviconus,0
ST,ST1A_SS1,Onthophagus cyanellus,0
ST,ST1A_SS1,Onthophagus longimanus,0
ST,ST1A_SS1,Onthophagus petenensis,0
ST,ST1A_SS1,Onthophagus rhinolophus,0
ST,ST1A_SS1,Onthophagus sp.nov. aff. subcancer,0
ST,ST1A_SS1,Phanaeus endymion,0
ST,ST1A_SS2,Copris laeviceps,0
ST,ST1A_SS2,Copris lugubris,0
ST,ST1A_SS2,Copris nubilosus,2
ST,ST1A_SS2,Copris sp.nov.,1
ST,ST1A_SS2,Dichotomius annae,1
ST,ST1A_SS2,Dichotomius satanas,8
ST,ST1A_SS2,Eurysternus foedus,0
ST,ST1A_SS2,Eurysternus magnus,0
ST,ST1A_SS2,Eurysternus mexicanus,1
ST,ST1A_SS2,Eurysternus obliteratus,0
ST,ST1A_SS2,Onthophagus aff. anthracinus,0
ST,ST1A_SS2,Onthophagus aff. belhorinus,1
ST,ST1A_SS2,Onthophagus breviconus,0
ST,ST1A_SS2,Onthophagus cyanellus,0
ST,ST1A_SS2,Onthophagus longimanus,0
ST,ST1A_SS2,Onthophagus petenensis,4
ST,ST1A_SS2,Onthophagus rhinolophus,1
ST,ST1A_SS2,Onthophagus sp.nov. aff. subcancer,0
ST,ST1A_SS2,Phanaeus endymion,0
ST,ST1B_SS3,Copris laeviceps,0
ST,ST1B_SS3,Copris lugubris,1
ST,ST1B_SS3,Copris nubilosus,0
ST,ST1B_SS3,Copris sp.nov.,0
ST,ST1B_SS3,Dichotomius annae,14
ST,ST1B_SS3,Dichotomius satanas,16
ST,ST1B_SS3,Eurysternus foedus,0
ST,ST1B_SS3,Eurysternus magnus,0
ST,ST1B_SS3,Eurysternus mexicanus,2
ST,ST1B_SS3,Eurysternus obliteratus,0
ST,ST1B_SS3,Onthophagus aff. anthracinus,0
ST,ST1B_SS3,Onthophagus aff. belhorinus,1
ST,ST1B_SS3,Onthophagus breviconus,0
ST,ST1B_SS3,Onthophagus cyanellus,0
ST,ST1B_SS3,Onthophagus longimanus,0
ST,ST1B_SS3,Onthophagus petenensis,0
ST,ST1B_SS3,Onthophagus rhinolophus,1
ST,ST1B_SS3,Onthophagus sp.nov. aff. subcancer,0
ST,ST1B_SS3,Phanaeus endymion,0
ST,ST1B_SS4,Copris laeviceps,0
ST,ST1B_SS4,Copris lugubris,1
ST,ST1B_SS4,Copris nubilosus,1
ST,ST1B_SS4,Copris sp.nov.,1
ST,ST1B_SS4,Dichotomius annae,1
ST,ST1B_SS4,Dichotomius satanas,2
ST,ST1B_SS4,Eurysternus foedus,0
ST,ST1B_SS4,Eurysternus magnus,0
ST,ST1B_SS4,Eurysternus mexicanus,0
ST,ST1B_SS4,Eurysternus obliteratus,0
ST,ST1B_SS4,Onthophagus aff. anthracinus,0
ST,ST1B_SS4,Onthophagus aff. belhorinus,1
ST,ST1B_SS4,Onthophagus breviconus,0
ST,ST1B_SS4,Onthophagus cyanellus,0
ST,ST1B_SS4,Onthophagus longimanus,0
ST,ST1B_SS4,Onthophagus petenensis,0
ST,ST1B_SS4,Onthophagus rhinolophus,6
ST,ST1B_SS4,Onthophagus sp.nov. aff. subcancer,0
ST,ST1B_SS4,Phanaeus endymion,0
ST,ST3_DS1,Copris laeviceps,0
ST,ST3_DS1,Copris lugubris,0
ST,ST3_DS1,Copris nubilosus,0
ST,ST3_DS1,Copris sp.nov.,0
ST,ST3_DS1,Dichotomius annae,0
ST,ST3_DS1,Dichotomius satanas,0
ST,ST3_DS1,Eurysternus foedus,0
ST,ST3_DS1,Eurysternus magnus,0
ST,ST3_DS1,Eurysternus mexicanus,0
ST,ST3_DS1,Eurysternus obliteratus,0
ST,ST3_DS1,Onthophagus aff. anthracinus,0
ST,ST3_DS1,Onthophagus aff. belhorinus,0
ST,ST3_DS1,Onthophagus breviconus,1
ST,ST3_DS1,Onthophagus cyanellus,0
ST,ST3_DS1,Onthophagus longimanus,0
ST,ST3_DS1,Onthophagus petenensis,0
ST,ST3_DS1,Onthophagus rhinolophus,0
ST,ST3_DS1,Onthophagus sp.nov. aff. subcancer,0
ST,ST3_DS1,Phanaeus endymion,0
ST,ST3_SS1,Copris laeviceps,0
ST,ST3_SS1,Copris lugubris,0
ST,ST3_SS1,Copris nubilosus,0
ST,ST3_SS1,Copris sp.nov.,1
ST,ST3_SS1,Dichotomius annae,0
ST,ST3_SS1,Dichotomius satanas,11
ST,ST3_SS1,Eurysternus foedus,1
ST,ST3_SS1,Eurysternus magnus,0
ST,ST3_SS1,Eurysternus mexicanus,0
ST,ST3_SS1,Eurysternus obliteratus,0
ST,ST3_SS1,Onthophagus aff. anthracinus,0
ST,ST3_SS1,Onthophagus aff. belhorinus,3
ST,ST3_SS1,Onthophagus breviconus,0
ST,ST3_SS1,Onthophagus cyanellus,0
ST,ST3_SS1,Onthophagus longimanus,0
ST,ST3_SS1,Onthophagus petenensis,0
ST,ST3_SS1,Onthophagus rhinolophus,4
ST,ST3_SS1,Onthophagus sp.nov. aff. subcancer,0
ST,ST3_SS1,Phanaeus endymion,1
ST,ST3_SS2,Copris laeviceps,0
ST,ST3_SS2,Copris lugubris,0
ST,ST3_SS2,Copris nubilosus,0
ST,ST3_SS2,Copris sp.nov.,0
ST,ST3_SS2,Dichotomius annae,0
ST,ST3_SS2,Dichotomius satanas,3
ST,ST3_SS2,Eurysternus foedus,0
ST,ST3_SS2,Eurysternus magnus,0
ST,ST3_SS2,Eurysternus mexicanus,0
ST,ST3_SS2,Eurysternus obliteratus,0
ST,ST3_SS2,Onthophagus aff. anthracinus,0
ST,ST3_SS2,Onthophagus aff. belhorinus,11
ST,ST3_SS2,Onthophagus breviconus,0
ST,ST3_SS2,Onthophagus cyanellus,0
ST,ST3_SS2,Onthophagus longimanus,0
ST,ST3_SS2,Onthophagus petenensis,0
ST,ST3_SS2,Onthophagus rhinolophus,14
ST,ST3_SS2,Onthophagus sp.nov. aff. subcancer,0
ST,ST3_SS2,Phanaeus endymion,0
ST,ST3_SS3,Copris laeviceps,0
ST,ST3_SS3,Copris lugubris,0
ST,ST3_SS3,Copris nubilosus,0
ST,ST3_SS3,Copris sp.nov.,7
ST,ST3_SS3,Dichotomius annae,0
ST,ST3_SS3,Dichotomius satanas,1
ST,ST3_SS3,Eurysternus foedus,0
ST,ST3_SS3,Eurysternus magnus,0
ST,ST3_SS3,Eurysternus mexicanus,0
ST,ST3_SS3,Eurysternus obliteratus,0
ST,ST3_SS3,Onthophagus aff. anthracinus,0
ST,ST3_SS3,Onthophagus aff. belhorinus,11
ST,ST3_SS3,Onthophagus breviconus,0
ST,ST3_SS3,Onthophagus cyanellus,0
ST,ST3_SS3,Onthophagus longimanus,0
ST,ST3_SS3,Onthophagus petenensis,0
ST,ST3_SS3,Onthophagus rhinolophus,4
ST,ST3_SS3,Onthophagus sp.nov. aff. subcancer,0
ST,ST3_SS3,Phanaeus endymion,1
ST,ST3_SS4,Copris laeviceps,0
ST,ST3_SS4,Copris lugubris,1
ST,ST3_SS4,Copris nubilosus,1
ST,ST3_SS4,Copris sp.nov.,0
ST,ST3_SS4,Dichotomius annae,0
ST,ST3_SS4,Dichotomius satanas,9
ST,ST3_SS4,Eurysternus foedus,0
ST,ST3_SS4,Eurysternus magnus,0
ST,ST3_SS4,Eurysternus mexicanus,0
ST,ST3_SS4,Eurysternus obliteratus,1
ST,ST3_SS4,Onthophagus aff. anthracinus,0
ST,ST3_SS4,Onthophagus aff. belhorinus,5
ST,ST3_SS4,Onthophagus breviconus,0
ST,ST3_SS4,Onthophagus cyanellus,0
ST,ST3_SS4,Onthophagus longimanus,0
ST,ST3_SS4,Onthophagus petenensis,1
ST,ST3_SS4,Onthophagus rhinolophus,5
ST,ST3_SS4,Onthophagus sp.nov. aff. subcancer,0
ST,ST3_SS4,Phanaeus endymion,2
ST,ST3_SS5,Copris laeviceps,0
ST,ST3_SS5,Copris lugubris,4
ST,ST3_SS5,Copris nubilosus,2
ST,ST3_SS5,Copris sp.nov.,12
ST,ST3_SS5,Dichotomius annae,0
ST,ST3_SS5,Dichotomius satanas,4
ST,ST3_SS5,Eurysternus foedus,0
ST,ST3_SS5,Eurysternus magnus,1
ST,ST3_SS5,Eurysternus mexicanus,2
ST,ST3_SS5,Eurysternus obliteratus,0
ST,ST3_SS5,Onthophagus aff. anthracinus,0
ST,ST3_SS5,Onthophagus aff. belhorinus,2
ST,ST3_SS5,Onthophagus breviconus,1
ST,ST3_SS5,Onthophagus cyanellus,0
ST,ST3_SS5,Onthophagus longimanus,0
ST,ST3_SS5,Onthophagus petenensis,1
ST,ST3_SS5,Onthophagus rhinolophus,0
ST,ST3_SS5,Onthophagus sp.nov. aff. subcancer,0
ST,ST3_SS5,Phanaeus endymion,5
ST,ST3_SS6,Copris laeviceps,0
ST,ST3_SS6,Copris lugubris,1
ST,ST3_SS6,Copris nubilosus,4
ST,ST3_SS6,Copris sp.nov.,2
ST,ST3_SS6,Dichotomius annae,0
ST,ST3_SS6,Dichotomius satanas,8
ST,ST3_SS6,Eurysternus foedus,0
ST,ST3_SS6,Eurysternus magnus,1
ST,ST3_SS6,Eurysternus mexicanus,0
ST,ST3_SS6,Eurysternus obliteratus,0
ST,ST3_SS6,Onthophagus aff. anthracinus,0
ST,ST3_SS6,Onthophagus aff. belhorinus,0
ST,ST3_SS6,Onthophagus breviconus,0
ST,ST3_SS6,Onthophagus cyanellus,0
ST,ST3_SS6,Onthophagus longimanus,0
ST,ST3_SS6,Onthophagus petenensis,0
ST,ST3_SS6,Onthophagus rhinolophus,0
ST,ST3_SS6,Onthophagus sp.nov. aff. subcancer,0
ST,ST3_SS6,Phanaeus endymion,2
ST,ST4_DS1,Copris laeviceps,0
ST,ST4_DS1,Copris lugubris,0
ST,ST4_DS1,Copris nubilosus,0
ST,ST4_DS1,Copris sp.nov.,3
ST,ST4_DS1,Dichotomius annae,1
ST,ST4_DS1,Dichotomius satanas,7
ST,ST4_DS1,Eurysternus foedus,0
ST,ST4_DS1,Eurysternus magnus,0
ST,ST4_DS1,Eurysternus mexicanus,0
ST,ST4_DS1,Eurysternus obliteratus,0
ST,ST4_DS1,Onthophagus aff. anthracinus,0
ST,ST4_DS1,Onthophagus aff. belhorinus,0
ST,ST4_DS1,Onthophagus breviconus,0
ST,ST4_DS1,Onthophagus cyanellus,0
ST,ST4_DS1,Onthophagus longimanus,0
ST,ST4_DS1,Onthophagus petenensis,0
ST,ST4_DS1,Onthophagus rhinolophus,1
ST,ST4_DS1,Onthophagus sp.nov. aff. subcancer,0
ST,ST4_DS1,Phanaeus endymion,1
ST,ST4_SS1,Copris laeviceps,0
ST,ST4_SS1,Copris lugubris,1
ST,ST4_SS1,Copris nubilosus,0
ST,ST4_SS1,Copris sp.nov.,5
ST,ST4_SS1,Dichotomius annae,0
ST,ST4_SS1,Dichotomius satanas,16
ST,ST4_SS1,Eurysternus foedus,0
ST,ST4_SS1,Eurysternus magnus,0
ST,ST4_SS1,Eurysternus mexicanus,0
ST,ST4_SS1,Eurysternus obliteratus,0
ST,ST4_SS1,Onthophagus aff. anthracinus,0
ST,ST4_SS1,Onthophagus aff. belhorinus,1
ST,ST4_SS1,Onthophagus breviconus,0
ST,ST4_SS1,Onthophagus cyanellus,0
ST,ST4_SS1,Onthophagus longimanus,0
ST,ST4_SS1,Onthophagus petenensis,0
ST,ST4_SS1,Onthophagus rhinolophus,2
ST,ST4_SS1,Onthophagus sp.nov. aff. subcancer,0
ST,ST4_SS1,Phanaeus endymion,1
ST,ST4_SS2,Copris laeviceps,0
ST,ST4_SS2,Copris lugubris,0
ST,ST4_SS2,Copris nubilosus,0
ST,ST4_SS2,Copris sp.nov.,0
ST,ST4_SS2,Dichotomius annae,0
ST,ST4_SS2,Dichotomius satanas,2
ST,ST4_SS2,Eurysternus foedus,0
ST,ST4_SS2,Eurysternus magnus,0
ST,ST4_SS2,Eurysternus mexicanus,0
ST,ST4_SS2,Eurysternus obliteratus,0
ST,ST4_SS2,Onthophagus aff. anthracinus,0
ST,ST4_SS2,Onthophagus aff. belhorinus,1
ST,ST4_SS2,Onthophagus breviconus,0
ST,ST4_SS2,Onthophagus cyanellus,0
ST,ST4_SS2,Onthophagus longimanus,0
ST,ST4_SS2,Onthophagus petenensis,0
ST,ST4_SS2,Onthophagus rhinolophus,0
ST,ST4_SS2,Onthophagus sp.nov. aff. subcancer,0
ST,ST4_SS2,Phanaeus endymion,0
